ID;STRUCTURE PORTEUSE;NATURE JURIDIQUE;NOM DU LIEUX;ADRESSE;CODE POSTAL;VILLE;LATITUDE;LONGITUDE;TYPE DE LIEU;ACTIVITES PROPOSEES;HORAIRES;MATERIELS DISPONIBLES;AUTRES LABELS;URL FACEBOOK;URL TWITTER;URL YOUTUBE;PLUS D'INFORMATION;LOGO
1;COMMUNE DE DIGNE-LES-BAINS;COLLECTIVITE;LUMEN;Centre culturel René-Char, 45 avenue du 8 mai 1945;4000;DIGNE-LES-BAINS;;;LIEU DE MEDIATION NUMERIQUE;"Accés internet; ateliers numériques";"Lundi 14h-18h; mardi au vendredi 9h-12h/14h-17h";"Ordinateurs PC ;imprimante; appareils photos; ordinateurs portables; tablettes tactiles";;https://fr-fr.facebook.com/lumenespacenumerique;;;https://www.lumen.dignelesbains.fr/;https://i.goopics.net/Xv8Pj.png
2;PROVENCE ALPES AGGLOMERATION;EPCI;MEDIATHEQUE FRANCOIS MITTERAND;7 rue Colonel Payan;4000;DIGNE-LES-BAINS;;;"MEDIATHEQUE; LIEU DE MEDIATION NUMERIQUE";"Ateliers numériques pour les adultes; découverte de tablettes et applications; atelier de découverte des logiciels libres;makey makey; cartographie libre et participative";"Mardi 13h-19h; mercredi 10h-18h; jeudi 13h-18h; vendredi 13h18h; samedi 10h-17h";Ordinateurs, tablettes, vidéoprojecteur, imprimante, scanner;;https://fr-fr.facebook.com/MediathequeDigne/;;;"http://www.mediatheque-digne.fr
 
";https://i.goopics.net/rKAK7.png
3;INITIATIVE ALPES DE HAUTES PROVENCE;ASSOCIATION;DINIAPOLIS;1 boulevard Victor;4000;DIGNE-LES-BAINS;;;FABRIQUE A ENTREPRENDRE A VOCATION NUMERIQUE;Offre de service numérique aux porteurs de projets et aux entreprises du territoire.;Lundi au vendredi 9h-12h/14h-17h;"Salle de visio-conférence; écrans, studio photo et vidéo";;https://www.facebook.com/initiativehauteprovence/;https://twitter.com/InitiativeAHP;https://www.youtube.com/channel/UCl4237fqcOA3RVg1zX6NWww;http://www.initiative-alpesdehauteprovence.com/;https://i.goopics.net/x5WJ2.png
4;INITIATIVE ALPES DE HAUTES PROVENCE;ASSOCIATION;INITIATIVE ALPES DE HAUTES PROVENCE;55 avenue du 1er mai;4100;MANOSQUE;;;LIEU DE MEDIATION NUMERIQUE;Offre de service numérique aux porteurs de projets et aux entreprises du territoire.;Lundi au vendredi 9h-12h/14h-17h;"Salle de visio-conférence; écrans, studio photo et vidéo";;https://www.facebook.com/initiativehauteprovence/;https://twitter.com/InitiativeAHP;https://www.youtube.com/channel/UCl4237fqcOA3RVg1zX6NWww;http://www.initiative-alpesdehauteprovence.com/;https://i.goopics.net/x5WJ2.png
5;LES PETITS DEBROUILLARDS PROVENCE-ALPES-CÔTE D'AZUR;ASSOCIATION;D'CLIC LAB;10 rue Arthur Robert;4100;MANOSQUE;;;"FABLAB; LIEU DE MEDIATION NUMERIQUE; ESPACE DE FORMATION";"Ateliers sensibilisation; atelier usages avancés; fabrication Numérique; formation professionnelle; événementiel";"Sur rendez-vous (accès libre pour les adhérents) : lundi, mardi, jeudi, vendredi 9h-18h, mercredi 9h-12h; Accès libre : mardi, jeudi 18h-21h, mercredi 12h-18h; samedi sur demande.";Postes informatiques fixes et portables, tablettes, imprimante 3D, scanner 3D, découpeuse Laser;;www.facebook.com/lespetitsdebrouillards04/;;;http://www.dcliclab.fr/;https://i.goopics.net/rKDb7.png
6;COMMUNAUTE DE COMMUNES SISTERONNAIS BUECH;EPCI;MSAP DU SISTERONAIS;22 avenurs des arcades;4200;SISTERON;;;LIEU DE MEDIATION NUMERIQUE;Accompagnement dans la réalisation de démarches administratives en ligne (carte grise, permis, inscription Pôle Emploi…);Lundi au vendredi 9h-12h/14h-17h;Borne visio entretien;Maison de Services Au Public (MSAP);https://www.facebook.com/CCSisteronaisBuech/;https://www.facebook.com/CCSisteronaisBuech/;;https://www.sisteronais-buech.fr;https://i.goopics.net/qvDJd.png
7;COMMUNAUTE DE COMMUNES SISTERONNAIS BUECH;EPCI;MSAP LA MOTTE DU CAIRE;Maison de Pays;4250;LA MOTTE DU CAIRE;;;LIEU DE MEDIATION NUMERIQUE;Ateliers de sensibilisation à la culture numérique, aux démarches administratives, accompagnement individualisé pour la recherche d'emploi et les démarches administratives;"Lundi au jeudi 9h-12h/14h-16h30; vendredi 9h-12h";Postes informatiques  en accés libre, imprimante scanner ;Maison de Services Au Public (MSAP);https://www.facebook.com/CCSisteronaisBuech/;https://www.facebook.com/CCSisteronaisBuech/;;https://www.sisteronais-buech.fr;https://i.goopics.net/qvDJd.png
8;COMMUNAUTE DE COMMUNES PAYS DE FORCALQUIER-MONTAGNE DE LURE;EPCI;MSAP DE FORCALQUIER ;4 avenue de l'observatoire;4300;FOCALQUIER;;;LIEU DE MEDIATION NUMERIQUE;Accompagnement aux démarches administratives en ligne, aide à l'utilisation des services et des outils numériques;"Lundi 9h-12h; mardi au vendredi 9h-12h/14h-17h30";Postes informatiques;"Maison de Services Au Public (MSAP);";https://www.facebook.com/CCPFML/;;;http://www.forcalquier-lure.com/fr/accueil.html;https://i.goopics.net/G8YQp.png
9;COMMUNE DE BARCELONNETTE;COLLECTIVITE;MEDIATHEQUE DE BARCELONNETTE;Place Pierre-Gilles de Gennes;4400;BARCELONNETTE;;;"MEDIATHEQUE; LIEU DE MEDIATION NUMERIQUE";Ateliers d'accompagnements aux public à utiliser les outils numériques et le web;"Lundi, mardi,vendredi 15h-18h; mercredi, samedi 10h-12h30/15h-18h";Ordinateurs, tablettes, accès internet et wifi;;https://www.facebook.com/mediabarcelo;;;www.mediatheques-ubaye.net;https://i.goopics.net/OKeZK.jpg
10;UNIVERSITE DU TEMPS LIBRE DU PAYS GAPENCAIS;ASSOCIATION;UNIVERSITE DU TEMPS LIBRE DU PAYS GAPENCAIS;rue Bayard;5000;GAP;44.5620824;6.0765165;LIEU DE MEDIATION NUMERIQUE;Cours informatiques et Internet (initiation informatique et Internet, identité numérique et bon usage des réseaux sociaux, stratégie de communication Web 2 pour les pros, écritures journalistiques sur blog, etc.);Lundi au vendredi 9h-12h/14h-18h;Ordinateurs fixes, connexion Internet, ordinateurs portables, vidéo-projecteurs, matériel visio-conférence, matériel audio;Espace Public Numérique (EPN);https://www.facebook.com/UTLGap/;https://twitter.com/UTL_Gap;https://www.youtube.com/channel/UCdwSYtHuuzXUFn5xk3hBC5g;https://www.utlgap.org;https://i.goopics.net/Vv2x1.png
11;FAB'ALPES;ASSOCIATION;FAB'ALPES;5 rue Léon Olphe-Gaillard;5000;GAP;;;FABLAB;Ateliers fabrication numérique, Do It Yourself (DIY), sensibilisation et formations aux machines, aux logiciels et aux contenus sous licences libres, à la réduction, la réutilisation et le recyclage des déchets (Repair cafés), facilitation de l’innovation locale grâce au prototypage rapide;"Mardi 9h-12h/14h-21h ; mercredi,jeudi,vendredi 9h-12h/14h-18h; samedi 9h-12h";Imprimante 3D, découpeuse Laser, découpeuse vinyle, matériel électronique, presse à Chaud, machine à Coudre, brodeuse numérique, machine à badges;;https://fr-fr.facebook.com/fabalpes/;https://twitter.com/fabalpes;;http://www.fabalpes.org/;https://i.goopics.net/0WYo9.png
12;AFPA ACCES A L'EMPLOI;SASU ;CENTRE AFPA DE GAP ;Rue des lauriers;5000;GAP;;;LIEU DE MEDIATION NUMERIQUE;Mise à disposition d'espaces de travail et de rencontres, ateliers numériques pour les entreprises,leurs salariés et demandeurs d'emplois;"Tous les premiers jeudi du mois; 9h-12h : AGORA SPACE (médiation numérique) ; 14h-18h / REPAR ACTION (repair café)";Outils et machines présents sur site;;;;;https://www.afpa.fr/directionregionale/direction-regionale-de-paca;https://i.goopics.net/aODWZ.png
13;COMMUNAUTE DE COMMUNES DU PAYS DES ECRINS;EPCI;CENTRE SOCIOCULTUREL DES ECRINS;ZA Les Sablonnières;5120;L'ARGENTIERE-LA-BESSEE;;;LIEU DE MEDIATION NUMERIQUE;Accueil de Loisirs, animations socioculturel, accompagnement scolaire;"Mardi 16h45-19h30; mercredi et samedi 14h-18h; jeudi 16h45-19h; vendredi 14h-19h";Ordinateurs;;;;;http://www.cc-paysdesecrins.com/;https://i.goopics.net/dRDlL.png
14;COMMUNAUTE DE COMMUNES DU PAYS DES ECRINS;EPCI;MSAP DU PAYS DES ECRINS;12 avenue de Vallouise;5120;L'ARGENTIERE-LA-BESSEE;;;LIEU DE MEDIATION NUMERIQUE;Accompagnement des publics dans les démarches administratives et notamment en ligne, ateliers numériques de sensibilisation;"Lundi 9h-12h/14h-18h30; mercredi au vendredi 9h-12h/14h-17h30";Ordinateurs,tablettes,photocopieuse couleur et scanner;Maison de Service Au Public (MSAP);;;;http://www.cc-paysdesecrins.com/;https://i.goopics.net/dRDlL.png
15;COMMUNAUTE DE COMMUNES DU PAYS DES ECRINS;EPCI;LUCEO;Parc du Château, RN 94;5130;LA ROCHE DE RAME;44.748921;6.578881;LIEU DE MEDIATION NUMERIQUE;Bar camp numérique, centre de ressources numériques, ateliers numériques;"Lundi au jeudi 9h-12h/14h-17h; vendredi 9h-12h/14h-16h; animations occasionnelles en soirée";Ordinateurs;;https://www.facebook.com/pole.luceo/;https://twitter.com/pole_luceo;;ttp://www.pole-luceo.com;https://i.goopics.net/pQDlk.png
16;COMMUNAUTE DE COMMUNES SISTERONNAIS BUECH;EPCI;MSAP DE VALDOULE;Espace Rural / Centre de Ressources Numériques - ancienne école communale;5150;MONTMORIN;44.4508;5.5409;"ESPACE DE COWORKING; LIEU DE MEDIATION NUMERIQUE";Ateliers de sensibilisation à la culture numérique, aux démarches administratives, accompagnement individualisé pour la recherche d'emploi et les démarches administratives, coworking;"Lundi,mardi,jeudi,vendredi 9h-12h ; mercredi 9h-12h/14h-16h";Postes informatiques  en accés libre, imprimante scanner, 1 poste équipé en visio;Maison de Services Au Public (MSAP);https://www.facebook.com/CCSisteronaisBuech/;https://www.facebook.com/CCSisteronaisBuech/;;https://www.sisteronais-buech.fr;https://i.goopics.net/qvDJd.png
17;AVENTIC;ASSOCIATION;L'ALIM;Maison des énergies, avenue Aristide BRIAND;5150;ROSANS;;;"ESPACE DE COWORKING; LIEU DE MEDIATION NUMERIQUE";Ateliers numériques pour le jeune public, ateliers collectifs de sensibilisation et de perfectionnement aux usages numériques pour tout public, professionnels, demandeurs d’emploi , événements (café discut’, jeu de piste numérique);Lundi et jeudi 9h30-12h30/14h-17h;Bureaux,coin cuisine équipé, ordinateurs fixe et portables, tablettes, imprimante multifonction;;;;;http://www.aventic.org;https://i.goopics.net/qvDrk.png
18;COMMUNAUTE DE COMMUNES BUECH-DEVOLUY;EPCI;MSAP DU DEVOLUY;Le Pré - Saint Etienne en Devoluy;5250;LE DEVOLUY;;;LIEU DE MEDIATION NUMERIQUE;Accompagnement dans la réalisation de démarches administratives en ligne;"Lundi au vendredi 9h-12h/14h-18h; samedi 9h-12h";Ordinateurs en réseaux, imprimantes;Maison de Service Au Public (MSAP);;;;http://www.ccbuechdevoluy.fr/;https://i.goopics.net/G8Yba.png
19;SPORT ET CULTURE EN CHAMPSAUR;ASSOCIATION ;CENTRE SOCIAL ASSOCIATIF PLANETE CHAMPSAURVALGO - ANTENNE HAUT CHAMPSAUR;Pont fi fossé;5260;SAINT JEAN SAINT NICOLAS;44° 40' 43.737';6° 4' 58.1766';LIEU DE MEDIATION NUMERIQUE;"Point Connexion Internet, ateliers Multimédia, photo numérique, Vidéo; ateliers initiation numérique, sensibilisation à la sécurité sur Internet et les réseaux sociaux";"Lundi 14h-18h; mardi 9h-12h; mercredi,jeudi 10h-12h/15h-18h; vendredi 8h30-12h00";Ordinateurs, Imprimante, Scanner;"Centre social; Point Info Familles; Maison des Adolescents";https://www.facebook.com/Plan%C3%A8te-Champsaur-Valgo-166146733403274/;;;https://www.youtube.com/channel/UCOxanfEOFxW4nTwBXIjCZCw;https://i.goopics.net/AJ8Xo.png
20;COMMUNAUTE DE COMMUNES SISTERONNAIS BUECH;EPCI;MSAP DU LARAGNAIS;8A place de l'église;5300;LARAGNE;;;LIEU DE MEDIATION NUMERIQUE;Ateliers de sensibilisation à la culture numérique, aux démarches administratives, accompagnement individualisé pour la recherche d'emploi et les démarches administratives;"Lundi,mardi,jeudi,vendredi 9h-12h/12h30-16h30 ; mercredi 9h-12h";Postes informatiques  en accés libre, imprimante scanner, 1 poste équipé en visio;Maison de Services Au Public (MSAP);https://www.facebook.com/CCSisteronaisBuech/;https://www.facebook.com/CCSisteronaisBuech/;;https://www.sisteronais-buech.fr;https://i.goopics.net/qvDJd.png
21;COMMUNAUTE DE COMMUNES DU PAYS DES ECRINS;EPCI;POINT MSAP VALLOUISE PELVOUX;Saint Antoine;5340;VALLOUISE PELVOUX;;;LIEU DE MEDIATION NUMERIQUE;Accueil et accompagnement des publics dans les démarches administratives;Lundi au vendredi 8h30-12h15;Ordinateurs, scanner, imprimante;Maison de Service Au Public (MSAP);;;;http://www.cc-paysdesecrins.com/;https://i.goopics.net/dRDlL.png
22;COMMUNAUTE DE COMMUNES BUECH-DEVOLUY;EPCI;MSAP VEYNES;42 rue Jean Jaures;5400;VEYNE;;;LIEU DE MEDIATION NUMERIQUE;Accompagnement dans la réalisation de démarches administratives en ligne;"Lundi 14h-18h; mardi au jeudi 9h-12h/14h-18h; vendredi 14h-18h";Ordinateurs en réseaux, imprimantes;Maison de Service Au Public (MSAP);;;;http://www.ccbuechdevoluy.fr/;https://i.goopics.net/G8Yba.png
23;COMMUNAUTE DE COMMUNES GUILLESTROIS QUEYRAS;COLLECTIVITE;MSAP DU QUEYRAS;Maison du Queyras, place Jean Léa;5470;AIGUILLES;44.78195; 6.869565;LIEU DE MEDIATION NUMERIQUE;Accés libre informatique, accompagnements aux outils et aux téléprocédures pendant les horaires d'ouvertures, ateliers thématiques (impression 3D, démarches en lignes, emploi, …). Participation à des événements grand public type forum, journée des familles ...;Lundi, mercredi, jeudi,vendredi 9h30-12h00/14h-18h;Ordinateurs fixes et portables, copieur/scanner, vidéoprojecteur, tablettes, imprimante 3D;"Maison de Service Au Public (MSAP); Maison de la Saisonnalité";www.facebook.com/msapqueyras/;https://twitter.com/RSP_Queyras;;www.comcomgq.com;https://i.goopics.net/mvDo1.png
24;SPORT ET CULTURE EN CHAMPSAUR;ASSOCIATION ;CENTRE SOCIAL ASSOCIATIF PLANETE CHAMPSAURVALGO;2 avenue  de Merly, quartier du Roure;5500;SAINT BONNET EN CHAMSAUR; 44° 40' 43.737'' ;6° 4' 58.1766'';LIEU DE MEDIATION NUMERIQUE;"Point Connexion Internet, ateliers Multimédia, photo numérique, Vidéo; ateliers initiation numérique, sensibilisation à la sécurité sur Internet et les réseaux sociaux";"Lundi 14h-18h; mardi 9h-12h; mercredi,jeudi 10h-12h/15h-18h; vendredi 8h30-12h00";Ordinateurs, Imprimante, Scanner;"Centre social; Point Info Familles; Maison des Adolescents";https://www.facebook.com/Plan%C3%A8te-Champsaur-Valgo-166146733403274/;;;https://www.youtube.com/channel/UCOxanfEOFxW4nTwBXIjCZCw;https://i.goopics.net/AJ8Xo.png
25;COMMUNAUTE DE COMMUNES GUILLESTROIS QUEYRAS;COLLECTIVITE;MSAP DU GUILLESTROIS;Passage des écoles;5600;GUILLESTRE;44.661421;6.64977;LIEU DE MEDIATION NUMERIQUE;Accés libre informatique, accompagnements aux outils et aux téléprocédures pendant les horaires d'ouvertures, ateliers thématiques (impression 3D, démarches en lignes, emploi, …). Participation à des événements grand public type forum, journée des familles ...;Lundi au jeudi 9h-12h15/13h30-16h45;Ordinateurs fixes et portables, copieur/scanner, vidéoprojecteur, tablettes, imprimante 3D;"Maison de Service Au Public (MSAP); Maison de la Saisonnalité";www.facebook.com/msap.guillestrois/;https://twitter.com/MSAP_Guillestre;;www.comcomgq.com;https://i.goopics.net/mvDo1.png
26;COMMUNAUTE DE COMMUNES SISTERONNAIS BUECH;EPCI;MSAP DU SERROIS;rue des jardins;5700;SERRES;44.4268;5.7133;"ESPACE DE COWORKING ;LIEU DE MEDIATION NUMERIQUE";Ateliers de sensibilisation à la culture numérique,  aux démarches administratives, ateliers de sensibilisation auprès des jeunes sur les réseaux sociaux, création de supports de communication en ligne,coworking, accompagnement individualisé pour la recherche d'emploi et les démarches administrative.;Lundi au vendredi 9h-12h/14h-17h;Postes informatiques en accés libres, imprimante scanner, 1 poste informatique équipé en visio.;Maison de Services Au Public (MSAP);https://www.facebook.com/CCSisteronaisBuech/;https://www.facebook.com/CCSisteronaisBuech/;;https://www.sisteronais-buech.fr;https://i.goopics.net/qvDJd.png
27;CAP JEUNNESSE CÔTE D'AZUR;ASSOCIATION;BUREAU INFORMATION JEUNESSE;6 avenue Félix Faure ;6000;NICE;43.6986836;7.2747611;"LIEU DE MEDIATION NUMERIQUE; BUREAU INFORMATION JEUNESSE";Accès internet gratuit, ateliers numériques, accompagnement, information, documentation, orientation, emploi, logement, loisirs;"Mardi, jeudi , vendredi 13h-17h; mercredi 9h00-12h00/13h-17h";Ordinateurs fixes et portables;Information Jeunesse (IJ);http://www.facebook.com/capjeunesseca/;https://twitter.com/Capjeunesseca;www.youtube.com/channel/UCJusaUaxWzCaDCE0vMxjWrw;http://www.cap-jeunesse.fr;https://i.goopics.net/WbmlK.jpg
28;CENTRE D'INNOVATION ET D'USAGES EN SANTE;ASSOCIATION ;CENTRE D'INNOVATION ET D'USAGES EN SANTE;27 rue Professeur Delvalle;6000;NICE;43.723450;7.284452;LIVING LAB;Accéléreration de projet de développement des technologies offrant des solutions pour la santé, l'autonomie et le bien-être. Mise en réseau acteurs de la santé et de l’innovation.;"Lundi au vendredi 9h-18h; week-ends et soirées sur demande";Salle d'attente et son cabinet médical témoins aménagés, technologies innovantes destinées à cette étape du parcours de soin;;https://www.facebook.com/CIUSante/;https://twitter.com/CiuSante;;http://www.ciusante.org;https://i.goopics.net/9qXGg.png
29;TETRIS;SARL-SCIC;CENTIFO’LAB;17-21 Avenue CHIRIS ;6130;GRASSE;43.658225;6.928505;"FABLAB; SOCIAL LAB; ESPACE DE COWORKING; LIEU DE MEDIATION NUMERIQUE";FabLab, ateliers et groupes projets (Datas, IoT, …), prototypage, outillage, animations, coworking;"Lundi,mardi 12h-18h; mercredi 9h-14h; jeudi 9h-18h; vendredi 14h-21h; samedi 9h-12h";Imprimantes 3D, scanner 3D, découpeuse laser, arduinos et cartes diverses, capteurs IoT, antennes LoRa, serveur local, postes informatiques;"Pôle entreprenariat collectif; Pôle Territorial de Coopération Economique";https://www.facebook.com/Centifolab/;;https://www.youtube.com/channel/UC576oYojFuSxNwNVJv-HBaQ;http://www.centifolab.org;https://i.goopics.net/8ge9x.png
30;INITIATIVE TERRES D'AZUR;ASSOCIATION;PEPINIERE D'ENTREPRISES INNOVANTE INNOVAGRASSE;4 Traverse Dupont;6130;GRASSE;;;"ESPACE DE COWORKING; PEPINIERE D'ENTREPRISE";"Accompagnement et financement des créateurs et chefs d’entreprise; ateliers; évènements Frenchtech; conférences; formations; permanences d'experts sur plusieurs thématiques : innovation, numérique, data, référencement, réseaux sociaux, propriété intellectuelle, levée de fonds, commercial, gestion, juridique.";Lundi au vendredi 9h-18h00;Vidéoprojecteur, paperboard, mobilier mobile, tableau d'affichage, reprographie, connexion Internet, laboratoires, tableaux tactiles numériques ;;http://www.facebook.com/InnovaGrasse/;;http://www.youtube.com/channel/UC9pMraSlvVZsB192vplnCfg;http://www.innovagrasse.fr/;https://i.goopics.net/7qGnp.png
31;EVALECO;ASSOCIATION ;NUM'ERIC 21;21 avenue Chiris;6130;GRASSE;;;"FABLAB; OPEN FACTORY; LIEU DE MEDIATION NUMERIQUE"; Accueil individuel pour cerner les besoins, rendez-vous individuels, temps collectifs par thématiques, ateliers de découverte, de médiation et d'approfondissement                                      ;Lundi au vendredi 9h-18h00/samedi 9h-12h;Postes informatiques, imprimantes 3D, découpeuse laser, scanner 3D , logiciels modélisation 3D;"Agrément éducation nationale; agrément éducation populaire";https://www.facebook.com/assoevaleco/;;https://www.youtube.com/channel/UCvsk9XhPL3Fy2TSEVVgClLA;http://www.evaleco.org/;https://i.goopics.net/Xv8rX.png
32;ITEC;ASSOCIATION;LES CASERNES;28 avenue mathias duval;6130;GRASSE;;;LIEU DE MEDIATION NUMERIQUE;Accompagnement des usagers pour :E administration, emploi, initiation numerique. Organisation de conférences.;Lundi au vendredi : 9h-12h/14h18h;Salles informatiques ,salle de cours, espace d'accueil avec documentation ;Relais CAF;https://fr-fr.facebook.com/itec06;;;www.itec06.fr;https://i.goopics.net/x5Wpo.png
33;INSERTION SOLIDARITE INTEGRATION;ASSOCIATION ;MAISON DE LA VIE VENCOISE;51 avenue des Alliés;6140;VENCE;;;LIEU DE MEDIATION NUMERIQUE;Appui numérique à la recherche d'emploi (accompagnement individuel et collectif), accompagnement aux usages numériques;Lundi au vendredi : 9h-12h/14h18h;Salle informatique avec ordinateurs en réseau, un cyberespace équipé de 6 ordinateurs,  accueil équipé d' ordinateurs dont 1 en libre service en continu;"Centre social; ";https://m.facebook.com/associationISI/;;;http://www.associationisi.org;https://i.goopics.net/nvq1Q.png
34;SOPHIA LOISIR ET VIE;ASSOCIATION;MSAP ITINERANTE DU HAUT ET MOYEN PAYS DE LA CASA;- ;6140;PONT DU LOUP;;;LIEU DE MEDIATION NUMERIQUE;E-administration, médiation et acculturation numérique, graphisme, soutien numérique aux entreprises et aux auto-entrepreneurs;"Lundi 13h30-17h00; jeudi 9h-12h30";Ordinateurs, imprimantes, tablette, vidéo-projection;Maison de Service Au Public (MSAP);https://www.facebook.com/MSAPitinerante06/;;https://www.youtube.com/channel/UCF4Yqg0YJt0Vz2ibkJoXbWA;http://www.slv-valbonne.fr;https://i.goopics.net/wyWV3.png
35;AFPA ACCES A L'EMPLOI;SASU ;CENTRE AFPA DE CANNES;161 avenue Francis Tonner;6150;CANNES;;;LIEU DE MEDIATION NUMERIQUE;Mise à disposition d'espaces de travail et de rencontres, ateliers numériques pour les entreprises,leurs salariés et demandeurs d'emplois;"Tous les premiers jeudi du mois; 9h-12h : AGORA SPACE (médiation numérique) ; 14h-18h / REPAR ACTION (repair café)";Outils et machines présents sur site;;;;;https://www.afpa.fr/directionregionale/direction-regionale-de-paca;https://i.goopics.net/aODWZ.png
36;INITIATIVE NICE CÔTE D'AZUR;ASSOCIATION;INITIATIVE NICE CÔTE D'AZUR;208 boulevard du Mercantour;6200;NICE;;;LIEU DE MEDIATION NUMERIQUE;"Expérimentation avec du matériel numérique à disposition, ateliers thématiques, diagnostics numériques
";"Lundi au vendredi 9h-18h; en soirée sur rendez-vous";Vidéoprojecteur, paperboard, mobilier mobile, tableau d'affichage, reprographie, connexion Internet, salles de réunion;;https://www.facebook.com/initiativenca/;https://twitter.com/InitiativeNca;;http://www.initiative-nca.fr;https://i.goopics.net/4vE5l.png
37;METROPOLE NICE CÔTE D'AZUR;EPCI;CENTRE EUROPEEN D'ENTREPRISE ET D'INNOVATION;61 avenue Simone Veil;6200;NICE;;;"FABLAB; ESPACE DE COWORKING";Hébergement et accompagnement de startups. ;Lundi au vendredi 8h30-12h30/13h30-17h00;Découpeuse laser, imprimantes 3D, salle de visioconférence.;RETIS / EBEN / FRENCH TECH Côte d'azur/La Fabrique à Entreprendre.;https://www.facebook.com/CEEINCA;https://twitter.com/ceeinca;https://www.youtube.com/channel/UCdZMR-PefPnyS68Asfr75Zg;http://www.ceeinca.org;https://i.goopics.net/1WEEe.png
38;AFPA ACCES A L'EMPLOI;SASU ;CENTRE AFPA DE NICE;244 route de Turin;6300;NICE;;;LIEU DE MEDIATION NUMERIQUE;Mise à disposition d'espaces de travail et de rencontres, ateliers numériques pour les entreprises,leurs salariés et demandeurs d'emplois;"Tous les premiers jeudi du mois; 9h-12h : AGORA SPACE (médiation numérique) ; 14h-18h / REPAR ACTION (repair café)";Outils et machines présents sur site;;;;;https://www.afpa.fr/directionregionale/direction-regionale-de-paca;https://i.goopics.net/aODWZ.png
39;DIVA;ASSOCIATION ;LE HUBLOT;89 route de Turin;6300;NICE;;;"FABLAB; LIEU DE MEDIATION NUMERIQUE";Atelier de médiation numérique, création numérique, événements ;"Lundi au jeudi 9h-12h/14h-18h; vendredi 9h-12h/14h-21h; samedi 18h-21h";Postes informatiques en accès libre, CNC, HTC, Caméra 3D, audio …;Grande Ecole du Numérique (GEN);www.facebook.com/lehublot.nice;;www.youtube.com/user/assolehublot;http://www.lehublot.net;https://i.goopics.net/J8NNo.png
40;PRISME ;SAS-CAE;LABOM;Allée du parc;6370;MOUANS-SARTOUX;;;"ESPACE DE COWORKING; MEDIALAB; LIEU DE MEDIATION NUMERIQUE";coworking, accompagnement des entreprises sur leurs pratiques numériques, mise en réseau, accompagnement des demandeurs d'emplois;"Lundi,mardi,mercredi, vendredi 9h-12h/14h-18h; jeudi 9h-12h/18h-21h; samedi 9h-12h";espaces de travail, bornes numériques;;;;;http://www.labom.com;https://i.goopics.net/5qEEy.png
41;LOGIS DES JEUNES DE PROVENCE;ASSOCIATION ;ERIC DE CANNES, LOCOWORKING;5 Rue de Mimont;6400;CANNES;43.555117;7.019831;LIEU DE MEDIATION NUMERIQUE;Accès internet, Ateliers numériques et Bureautique tous publics, club informatique, espace de coworking, mise à disposition d'espaces de travail et de rencontres, conférence/Débats et exposition, accueil et soutien aux entreprises et aux auto-entrepreneurs, accompagnement vers l'emploi…;Du lundi au samedi de 9-13h/14h-20h;Ordinateurs fixes et portables, imprimantes laser couleur multifonctions, scanner, Vidéoprojecteurs, Tablettes (IOS, Android, Windows)…;Espace Public Numérique (EPN), Cyberbase, Point Information Jeunesse (PIJ), Point relais CAF;https://www.facebook.com/logisdesjeunesdeprovence/;;;http://www.logisdesjeunes.asso.fr;https://i.goopics.net/aOdd0.png
42;UFCV;ASSOCIATION;CENTRE SOCIAL L'EPI;25 place de Provence;6470;GUILLAUMES;;;LIEU DE MEDIATION NUMERIQUE;Accompagnement démarches administratives (atelier collectif ou individuel), initiation à l'informatique, dépannage occasionnel, ateliers numériques dans les écoles partenaires. ;Lundi au vendredi 9h-12h30/14h-17h30;Ordinateurs, WIFI gratuit, imprimante, scanner, tablettes tactiles, video projecteur;"Maison de Service Au Public (MSAP); Point relais CAF ";https://www.facebook.com/Lépi-CS-Guillaumes;;;https://epi.ufcv.fr/;https://i.goopics.net/9qEEw.png
43;SOPHIA LOISIR ET VIE;ASSOCIATION;CYBERKIOSC;1 place de l’hotel de ville;6560;VALBONNE SOPHIA ANTIPOLIS;43.64019;7.00767;"FABLAB; LIEU DE MEDIATION NUMERIQUE";Soutien à l'acculturation numériaque des entreprises, activités autour des jeux vidéo, programmation, impression 3D, lieu de makers….;"Lundi,mardi,jeudi 9h-12h/13h30-17h; mercredi 19h-12h30/13h30-17h; vendredi, samedi 9h-12h";Ordinateursfixes et portables, tablettes, pi top ceed, arduino, raspberry Pi 3, imprimante 3D, capteurs météo pour Pi top ceed, kit makey makey;"Maison de Service Au Public (MSAP); Point relais CAF, Point appui Pôle Emploi";https://www.facebook.com/cyberkiosc.valbonne/;;;http://www.slv-valbonne.fr;https://i.goopics.net/dRDYd.png
44;SOPHIA LOISIR ET VIE;ASSOCIATION;LE LAB;carrefour de Garbejaire ;6560;VALBONNE SOPHIA ANTIPOLIS;43.62399;7.04568;"MEDIATHEQUE; FABLAB; LIEU DE MEDIATION NUMERIQUE";Robotique, acculturation numérique, jeux de pistes numérique, création de livre numérique, atelier de jeux vidéo et de retro gaming;"Mardi 14h-17h; mercredi 14h-18h;samedi 14h-17h";Ordinateurs, imprimante, tablettes, robot thymio, makey makey, Pi top ceed;;https://www.facebook.com/association.slv/;;;http://www.slv-valbonne.fr;https://i.goopics.net/eQDJW.png
45;SOPHIA LOISIR ET VIE;ASSOCIATION;MSAP ITINERANTE DU HAUT ET MOYEN PAYS DE LA CASA;- ;6620;LE BAR SUR LOUP;;;LIEU DE MEDIATION NUMERIQUE;E-administration, médiation et acculturation numérique, graphisme, soutien numérique aux entreprises et aux auto-entrepreneurs;"Lundi 9h-12h30; jeudi 13h30-17h00";Ordinateurs, imprimantes, tablette, vidéo-projection;Maison de Service Au Public (MSAP);https://www.facebook.com/MSAPitinerante06/;;https://www.youtube.com/channel/UCF4Yqg0YJt0Vz2ibkJoXbWA;http://www.slv-valbonne.fr;https://i.goopics.net/wyWV3.png
46;SOPHIA LOISIR ET VIE;ASSOCIATION;MSAP ITINERANTE DU HAUT ET MOYEN PAYS DE LA CASA;- ;6620;CIPIERES;;;LIEU DE MEDIATION NUMERIQUE;E-administration, médiation et acculturation numérique, graphisme, soutien numérique aux entreprises et aux auto-entrepreneurs;Vendredi 9h-13h;Ordinateurs, imprimantes, tablette, vidéo-projection;Maison de Service Au Public (MSAP);https://www.facebook.com/MSAPitinerante06/;;https://www.youtube.com/channel/UCF4Yqg0YJt0Vz2ibkJoXbWA;http://www.slv-valbonne.fr;https://i.goopics.net/wyWV3.png
47;SOPHIA LOISIR ET VIE;ASSOCIATION;MSAP ITINERANTE DU HAUT ET MOYEN PAYS DE LA CASA;- ;6650;OPIO;;;LIEU DE MEDIATION NUMERIQUE;E-administration, médiation et acculturation numérique, graphisme, soutien numérique aux entreprises et aux auto-entrepreneurs;Mardi,mercredi 9h-12h30;Ordinateurs, imprimantes, tablette, vidéo-projection;Maison de Service Au Public (MSAP);https://www.facebook.com/MSAPitinerante06/;;https://www.youtube.com/channel/UCF4Yqg0YJt0Vz2ibkJoXbWA;http://www.slv-valbonne.fr;https://i.goopics.net/wyWV3.png
48;COMMUNAUTE D'AGGLOMERATION DU PAYS DE GRASSE;EPCI;ESPACE NUMERIQUE DES MONTS D'AZUR;344 avenue des Hôtels;6850;SAINT-AUBAN;;;LIEU DE MEDIATION NUMERIQUE;Services insertion et formation professionnelle : ainitiation & formation bureautique, GPS, Géocaching;Lundi, mardi, jeudi, vendredi 8h15-18h;Platines serveur clients  légers, rétro projecteur, imprimante/scanner, ordinateurs portables, GPS ;;;;;http://www.paysdegrasse.fr ;https://i.goopics.net/oAqVY.png
49;LA FABULERIE ;ASSOCIATION;LA FABULERIE ;10 boulevard Garibaldi;13001;MARSEILLE;"43.29695359999999
"; 5.380909200000019;"DEMONSTRATEUR NUMERIQUE ; LIEU DE MEDIATION ET DE CREATION NUMERIQUE ; CANTINE ; ESPACE DE COWORKING";Espaces de travail, de conférence, de projection, salles de formation, dispositifs numériques (tables interactives, réalité virtuelle, bornes de jeux numériques, kits d’expositions numériques, matériel de créativité, distributeur d’expériences numériques culturelles);"Lundi au vendredi 9h-18h; soir et week-ends selon programmation";espaces de travail, de conférence;;https://www.facebook.com/Fabulerie/;;https://www.youtube.com/channel/UCZmRbVXNYIQs33_8HhCh2ZQ;http://www.lafabulerie.com;https://i.goopics.net/LQ48L.png
50;CRIJ PROVENCE-ALPES-CÔTE D'AZUR;ASSOCIATION ;CRIJ PROVENCE-ALPES-CÔTE D'AZUR;96 La Canebière;13001;MARSEILLE;;;LIEU DE MEDIATION NUMERIQUE;Accés internet gratuit et en libre accés, ateliers collectifs d’aide à la recherche d’emplois et de stages, ateliers de sensibilisation et d’utilisation des outils de culture numérique , prévention et usages des réseaux sociaux, culture générale sur les technologies de l’information et de la communication, accompagnement aux projets.;"Lundi, mardi et vendredi de 13h à 18h
Mercredi de 10h à 18h
Jeudi de 13h à 21h
Accueil de groupes sur rendez-vous.
";ordinateurs en libre accés accès internet, casques salle de médiation numérique pour des ateliers équipée, imprimante, matériel vidéo empruntable, matériel radio, salle de montage son et vidéo avec ordinateur et logiciel de montage vidéo, salle de coworking, salle de projection, lieu d'exposition;Information Jeunesse, Eurodesk, Education Populaire, Organisme de formation;http://facebook.com/CRIJPACA;http://twitter.com/CRIJPACA;https://www.youtube.com/channel/UC8Uy1200-3_D3gN61XAMDkA/videos;http://www.infojeunesse-paca.fr;https://i.goopics.net/nvJkp.png
51;URBAN PROD;ASSOCIATION;MARS MEDIALAB;18 rue Colbert;13001;MARSEILLE;;;"MEDIALAB; LIEU DE MEDIATION NUMERIQUE";Actions d'insertion des jeunes grâce au outils numérique, accompagnement des entreprises, accompagnemetn à la création numérique;"Lundi, mardi,mercredi,samedi,dimanche 9h-18h; jeudi et vendredi 9h-21h";matériel informatique et audiovisuel;Grande Ecole du Numérique (GEN);https://www.facebook.com/UrbanPr0d/;https://twitter.com/Urban_Prod;;http://www.urbanprod.net;https://i.goopics.net/PDOEQ.png
52;ADPEI;ASSOCIATION;ESPACE NUMERIQUE DE L'ADPEI;18 bd Camille Flammarion;13001;MARSEILLE;;;LIEU DE MEDIATION NUMERIQUE;Ateliers, formations et accès libre accompagné à destination des publics en démarche d’insertion sociale et professionnelle.;"Accès libre et accompagné : lundi, mardi, mercredi et vendredi de 14h à 17h ; Formation à la journée ou demi-journée";ordinateurs en accès libre,  salles de formation,  ordinateurs portables et tablettes;;https://fr-fr.facebook.com/Adpei;;;http://www.adpei.org;https://i.goopics.net/pQqgq.png
53;YES WE CAMP;ASSOCIATION;COCO VELTEN;16 rue Bernard du Bois;13001;MARSEILLE;;;"ESPACE DE COWORKING; LIEU DE MEDIATION NUMERIQUE";Accessibilité au numérique, ateliers partagés, transfert de compétences;"Lundi, mardi 9h-19h : mercredi 9h-23h; jeudi 9h-20h; vendredi 9h-23h; samedi 10h-21h";Ordinateurs, salle d'accueil;;;;;http://www.cocovelten.org;https://i.goopics.net/eQ2Wj.png
54;MARSEILLE INNOVATION ;ASSOCIATION;LA PLACE DE L'INNOVATION;8 Allée Leon Gambetta;13001;MARSEILLE;;;"ESPACE DE COWORKING; LIEU DE MEDIATION NUMERIQUE";Accompagnement à la création et au developpement d'entreprises innovantes, aide à la transformation numerique des organisations   ;Lundi au vendredi 9h-18h;pépinières d'netreprises innovantes, plateforme de test utilisateurs, salles de réunion ;CEEI;https://www.facebook.com/MarseilleInnovation;https://twitter.com/marseilleinnov;https://www.youtube.com/user/MarseilleInnovation;http://www.marseille-innov.org;https://i.goopics.net/AJarb.png
55;SERES TECHNOLOGIES;SAS;USER LAB SERES TECHNOLOGIES;8 Allée Leon Gambetta;13001;MARSEILLE;;;LABORATOIRE DES USAGES;Evaluations IHM / UX;Lundi au vendredi 9h-12h/14h-18h;Plateforme de test utilisateur;;https://www.facebook.com/Seres-Technologies-172267923429768/;https://twitter.com/SeresContact;;http://www.seres-technologies.com/fr/;https://i.goopics.net/Qv0Wr.png
56;CIERES;ASSOCIATION ;PLATEFORME MEDIATION JEUNES;9 rue Montolieu;13002;MARSEILLE; 43.303094         ;5.372941;LIEU DE MEDIATION NUMERIQUE;Accueil qualifié, orientation, formation générale  et  spécialisée dont numérique - TICE, accompagnement à l'emploi soutenu par les TIC;Lundi au vendredi 9h-12h.14h-18h;salle informatique en libre-accès connectés à internet et à une imprimante couleur numérique, salle supplémentaire avec postes  connectés notamment à la plateforme E2C et disposant d’une imprimante numérique couleur, salle action JANUS labélisée GEN,appareils photos numériques, vodéoprojecteur, photocopieur imprimante numérique, salle vidéo, brureau d'entretien individuel;"Grande Ecole du Numérique (GEN); Qualité Régio;  Structure FLI; Evaluateurs CLEA Copanef et Référencement DATADOCK; EDA plateforme informatisée e-learning accompagnée e2c";;;;http://www.cieres.fr;https://i.goopics.net/kjmdl.png
57;CIERES;ASSOCIATION ;PLATEFORME FARE;15  rue du Terras;13003;MARSEILLE;;;LIEU DE MEDIATION NUMERIQUE;Accueil qualifié et conseil, Ateliers de formation et de sensibilisation  numérique - TICE, Accompagnement à l'emploi soutenu par TICE;"Lundi 9h-12h/14h-21h; mardi 9h-12h/14h-18h;mercredi 9h-12h/14h-21h; jeudi et vendredi 9h-12h/14h-18h; samedi 9h-12h";salle informatique, open space avec postes informatiques, salles de formation équipées d’un tableau numérique et d’un rétroprojecteur, bureaux d’entretien et de formation individuelle;"Grande Ecole du Numérique (GEN); Qualité Régio;  Structure FLI; Evaluateurs CLEA Copanef et Référencement DATADOCK; EDA plateforme informatisée e-learning accompagnée e2c";;;;http://www.cieres.fr;https://i.goopics.net/kjmdl.png
58;AGIM ;ASSOCIATION ;INCUBATEUR BELE DE MAI;37 rue Guibal;13003;MARSEILLE;;;"ESPACE DE COWORKING; LIEU DE MEDIATION NUMERIQUE";Accompagnement d'entrepreneurs dans les TICS et les médias;Lundi au vendredi 9h-18h;Outils et fournitures de prototypage;;https://www.facebook.com/IncubateurBelledeMai/;https://twitter.com/incubateur_bdm;https://www.youtube.com/channel/UCnQq5pYpkmhagmY7OOQAs5A;http://www.belledemai.org/;https://i.goopics.net/eOQ3P.png
59;ZINC;ASSOCIATION ;ZINC;41 rue Jobin;13003;MARSEILLE;;;"FABLAB; MEDIALAB;";Fabrication numérique, ateliers multimédia, sensibilisation VR/AR et Data;"Merdredi 14h-18h; jeudi 18h-21h; vendredi 9h-12h/14h-18h; samedi 14h-18h";Postes informatiques, imprimante 3D, CNC, découpe laser, découpe 2D plotter, table de mixage son, tablettes, Kit VR (téléphone + casques), outillage traditionnel;;https://www.facebook.com/ZINClafriche;https://twitter.com/zinclafriche;;http://www.zinclafriche.org;https://i.goopics.net/Qvywq.png
60;RESO-NANCE NUMERIQUE;ASSOCIATION ;LFO;41 rue Jobin;13003;MARSEILLE;43.310206 ;5.390338;FABLAB;Fabrication numérique, ateliers pédagogique autour de la programmation interactives;"Lundi 14h-18h; mardi au jeudi 9h-12h/14h-18h; vendredi 9h-12h/14h-21h; samedi 14h-18h";imprimantes 3D, CNC, découpe laser, ordinateurs, outils classiques;;https://www.facebook.com/resonance.numerique;https://twitter.com/resonancenum;;http://reso-nance.org/;https://i.goopics.net/vQXqg.png
61;MAKE IT MARSEILLE;SAS;MAKE IT MARSEILLE;108 rue Breteuil;13006;MARSEILLE;;;"MAKERSPACE; ESPACE DE COWORKING";"Accompagnement des acteurs du territoire à développer des services et produits innovants, coworking

";Lundi au vendredi 9h-19h;"espace de coworking, cabine peinture, laser, plotter, traceur, impression 3D, CNC plein format, atelier bois,  atelier bijoux, atelier textile
";;https://www.facebook.com/makeitmarseille;https://twitter.com/makeitmarseille;https://www.youtube.com/channel/UC7p09yEZ_2XKaTk-3ExUNxg;https://www.makeitmarseille.com;https://i.goopics.net/wywwD.png
62;AFPA ACCES A L'EMPLOI;SASU ; DIRECTION REGIONALE AFPA ACCES A L'EMPLOI ;9 boulevard de Louvain;13008;MARSEILLE;;;LIEU DE MEDIATION NUMERIQUE;Mise à disposition d'espaces de travail et de rencontres, ateliers numériques pour les entreprises,leurs salariés et demandeurs d'emplois;"Tous les premiers jeudi du mois; 9h-12h : AGORA SPACE (médiation numérique) ; 14h-18h / REPAR ACTION (repair café)";Outils et machines présents sur site;;;;;https://www.afpa.fr/directionregionale/direction-regionale-de-paca;https://i.goopics.net/aODWZ.png
63;ICOM PROVENCE;ASSOCIATION;ICOM PROVENCE;100 chemin de la Barasse;13011;MARSEILLE;;;LIEU DE MEDIATION NUMERIQUE;Ateliers  collectifs et seances individuelles pour les enfants en situation de handicap sur les apprentissages numeriques pour leur scolarité, ateliers adultes  en collectif ou en individuel sur les apprentissages et les usages du numeriques, développement de logiciels libres et gratuits adaptés aux personnes en situation de handicap.;"Lundi 9h-12h30/13h30-18h; mardi au jeudi 9h-12h30/13h30-19h, vendredi 9h-12h30";"Une salle informatique : ordinateurs, tablettes tactiles 
";;https://www.facebook.com/icomprovence/;"https://twitter.com/IcomProvence 
";https://www.youtube.com/channel/UCXQJqhn3noFk0j9AmZSRbDA;http://www.icomprovence.net;https://i.goopics.net/QvyE4.png
64;AFPA ACCES A L'EMPLOI;SASU ; CENTRE AFPA DE MARSEILLE SAINT JEROME;54 boulevard Lavéran;13013;MARSEILLE;;;LIEU DE MEDIATION NUMERIQUE;Mise à disposition d'espaces de travail et de rencontres, ateliers numériques pour les entreprises,leurs salariés et demandeurs d'emplois;"Tous les premiers jeudi du mois; 9h-12h : AGORA SPACE (médiation numérique) ; 14h-18h / REPAR ACTION (repair café)";Outils et machines présents sur site;;;;;https://www.afpa.fr/directionregionale/direction-regionale-de-paca;https://i.goopics.net/aODWZ.png
65;ARBORESCENCE;ASSOCIATION ;ARBORESCENCE;374  rue de Lyon;13015;MARSEILLE;"43.33841779999999
";5.362672299999986;"FABLAB; LIEU DE MEDIATION NUMERIQUE";Initiation numérique de base, sensibilisation E-administration, diagnostic numérique TPE, fabrication numérique, sensibilisation Réalité Virtuelle Immersive, formation pro. adultes, loisirs numériques pour seniorset jeunes, accompagnement numérique aux devoirs;"Lundi,mercredi,vendredi 9h-12h/14h-17h; mardi,jeudi 9h-12h/14h-18h30; samedi 9h30-12h30";Salle informatique, tablettes, vidéoprojecteur, caméscope, imprimante 3D, petit équipement électronique;Espace Public Numérique (EPN);https://www.facebook.com/AssoArbo;;;http://www.arborescence.net;https://i.goopics.net/Yv5EA.png
66;ICI MARSEILLE;SAS;ICI MARSEILLE;77 rue de Lyon;13015;MARSEILLE;;;"MAKERSPACE; FABLAB";Manufacture partagée, Innovation et prototypage grâce à la fabrication numérique;Lundi au vendredi 9h-18h;Découpeuse laser, imprimantes 3D (filaire & résine, thermoformeuse, paillasses électroniques équipées);;https://www.facebook.com/MakeICIMarseille;https://twitter.com/ICIMarseilleXXL;https://www.youtube.com/channel/UCr5Jvmn5Ngls_KBu-fzQanw/featured?view_as=subscriber;http://makeici.org/icimarseille;https://i.goopics.net/wyw23.png
67;ANCRAGES;ASSOCIATION;ANCRAGES;42 boulevard d'Annam;13016;MARSEILLE;;;LIEU DE MEDIATION NUMERIQUE;Ateliers de sensibilisation aux usages numériques, accompagnement aux demandeurs d'emploi, production numérique;"Lundi,mardi,jeudi,vendredi 9h-13h/14h-17h ; mercredi 17h-19h; samedi 14h-17h";Ordinateurs, imprimantes,  photocopieuse, scansnap;;https://www.facebook.com/Ancrages.association; https://twitter.com/Ancrages; https://www.youtube.com/channel/UCxV_X9yECO8dj7aNQMBcI4g;http://www.ancrages.org;https://i.goopics.net/aOEyk.png
68;ACCES MULTIMEDIA;ASSOCIATION;MAISON VIE ASSOCIATIVE;2 Place Romée de Villeneuve;13090;AIX-EN-PROVENCE;;;LIEU DE MEDIATION NUMERIQUE;Ateliers informatiques et multimédias;Lundi au vendredi 9h-12h/14h-18h;Equipement de réalité virtuelle, ordinateurs;Espace Public Numérique (EPN);;;;http://www.acces-multimedia.org;https://i.goopics.net/wy8bR.png
69;ANONYMAL;ASSOCIATION;LA MAISON NUMERIQUE;1 Place Victor Schoelcher;13090;AIX-EN-PROVENCE;43.52643;5.41399;"GAMELAB; LIEU DE MEDIATION NUMERIQUE";Accès libre, ateliers initiation informatique, cultures numériques, audiovisuel, éducation à l'image, emploi, Gamelab;Lundi au vendredi 9h30-12h30/14h-18h;Ordinateurs fixes, portables PC, tablettes, mprimante laser, scanner, video projecteur;Espace Public Numérique (EPN);https://www.facebook.com/maison.numerique;https://twitter.com/Anonymal ;;http://anonymal.tv;https://i.goopics.net/nve0p.png
70;ICI MARSEILLE;SAS;ICI THE CAMP;550 rue Denis Papi;13100;AIX-EN-PROVENCE;;;"MAKERSPACE; FABLAB";Innovation et prototypage grâce à la fabrication numérique;Lundi au vendredi 9h-18h;Découpeuse laser, imprimantes 3D (filaire & résine, thermoformeuse, paillasses électroniques équipées);Atelier partagé, atelier de fabrication et prototypage équipé (bois / métal), laboratoire de chimie équipé, bureaux, espace de coworking , salle de réunion, formation & accueil de résidence,workshop (vidéoprojecteur, paper board, rapsberry, plastifieuse…), matériel de sonorisation, matériel de prise de vue photographique;https://www.facebook.com/AccesMultimediaAix/;;;http://http://makeici.org/icithecamp/;https://i.goopics.net/wyw23.png
71;ARCHEOMED;ASSOCIATION;ARCHEOMED;17 chemin de Séverin;13200;ARLES;43.679442;4.603429;"ESPACE DE COWORKING; LIVING LAB";Mutualisation d'espaces de travail et de matériel, rencontres professionnelles, ateliers de découverte des outils numériques et pratiques collaboratives, formations, accompagnement aux projets d'innovation, accueil de résidences;Lundi au vendredi 9h-18h;;Entreprise Solidaire d'Utilité Sociale (ESUS);https://www.facebook.com/Arch;;;http://www.archeomed.fr/;https://i.goopics.net/NvEQ7.png
72;COMMUNE D'ARLES;COLLECTIVITE;BARRIOL E-NOV;2 place Maurice-Thorez;13200;ARLES;43.6683112 ;4.6172136;LIEU DE MEDIATION NUMERIQUE;Accompagnement à l'utilisation des services publics numériques, assistante numérique, formation, participation citoyenne, pratique collaborative;"Lundi au jeudi 8h30-12h30/13h30-17h30; vendredi 8h30-12h30/13h30-16h";ordinateur connecté à Internet, une imprimante / scanner;Maison publique de quartier;https://www.facebook.com/ville.arles/;https://twitter.com/VilledArles;;https://demarches.arles.fr/menu/aide/;https://i.goopics.net/ZYEOG.png
73;INITIATIVE PAYS D'ARLES;ASSOCIATION;LA FABRIQUE;ZI Nord, village d'Entreprises, 1 rue Nicolas Copernic;13200;ARLES;43.6976506;4.6330841;"ESPACE DE COWORKING; TIERS-LIEU";Accompagnement à la création d'entreprise, coworking;Lundi au vendredi 8h30-17h30;ordinateur, écran, visio-conférence, connexion à la fibre;Initiative France;https://www.facebook.com/Initiative-Pays-dArles-954901767978175/;;;http://www.initiative-paysdarles.com/;https://i.goopics.net/9qnrR.png
74;PAYS D'AUBAGNE LA CIOTAT INITIATIVE;ASSOCIATION;ACTIPOLE;255 avenue de Jouques;13400;AUBAGNE;;;LIEU DE MEDIATION NUMERIQUE;Formation, accompagnement, montage de produits et espace collaboratif;Lundi au vendredi 9h-12h30/14h-17h30;Equipement bureau, écran, tablettes;Réseau Initiative;https://www.facebook.com/PACI13/;https://twitter.com/InitiativePACI?lang=fr;;http://www.paci13.com;https://i.goopics.net/vQoEA.png
75;MICRO PACKS CIM PACA;ASSOCIATION;MICRO PACKS CIM PACA;CMP, 880 avenue de Mimet;13451;GARDANNE;43.4456874 ;5.479919500000051;PLATEFORME TECHNOLOGIQUE;Accompagnement à l'innovation dans les objects connectés;Lundi au vendredi 9h-18h;Packaging semi-conducteur,  sécurité, électronique imprimée,  caractérisation, RF. Plus de 130 équipements;;;;;http://www.pf-micropacks.org;https://i.goopics.net/rKNde.png
76;COMMUNE DE MARTIGUES;COLLECTIVITE;MEDIATHEQUE LOUIS ARAGON;Quai des Anglais;13500;MARTIGUES;;;"MEDIATHEQUE; LIEU DE MEDIATION NUMERIQUE";Accueil public libre, ateliers d’initiation tout public, ateliers collectifs avec les partenaires;"Mardi 13h30-18h30; mercredi au samedi 10h-12h/13h30-18h30";Ordinateurs;Espace Public Numérique (EPN);www.fb.me/EPN.martigues;;;http://www.ville-martigues.fr;https://i.goopics.net/aOE20.png
77;COMMUNE DE MARTIGUES;COLLECTIVITE;MAISON DE LA FORMATION ET DE LA JEUNESSE;Quai Lucien Toulmond;13500;MARTIGUES;;;LIEU DE MEDIATION NUMERIQUE;Accueil public libre, ateliers d’initiation tout public, ateliers collectifs avec les partenaires;"Mardi 13h30-17h30; mercredi au samedi 9h-12h/13h30-17h30";;Espace Public Numérique (EPN);www.fb.me/EPN.martigues;;;http://www.ville-martigues.fr;https://i.goopics.net/aOE20.png
78;UTOP LAB FACTORY;ASSOCIATION;UTOP LAB;Square Verdun;13600;LA CIOTAT;43.175222;5.607941;"FAB LAB; LIEU DE MEDIATION NUMERIQUE";teliers numeriques( fabrication, codage, 3d, web, informatique), parcours de decouverte numerique, formation outils numerique, café philo transition numerique;"Lundi 14h-18h; mardi 9h-12h,mercredi 9h-18h; jeudi 9h-12h; vendredi 9h-12h/14h-18h; samedi 9h-18h";;Grande Ecole du Numérique (GEN);http://facebook.com/utoplabfactory/;;;http://utoplab.org;https://i.goopics.net/4v71Z.png
79;AFPA ACCES A L'EMPLOI;SASU ;CENTRE AFPA D'ISTRES;Avenue Félix GOUIN;13800;ISTRES;;;LIEU DE MEDIATION NUMERIQUE;Mise à disposition d'espaces de travail et de rencontres, ateliers numériques pour les entreprises,leurs salariés et demandeurs d'emplois;"Tous les premiers jeudi du mois; 9h-12h : AGORA SPACE (médiation numérique) ; 14h-18h / REPAR ACTION (repair café)";Outils et machines présents sur site;;;;;https://www.afpa.fr/directionregionale/direction-regionale-de-paca;https://i.goopics.net/aODWZ.png
80;TVT INNOVATION;ASSOCIATION;LA CANTINE BY TVT;Maison du Numérique et de l'Innovation, place Pompidou;83000;TOULON;;;"ESPACE DE COWORKING; FABLAB; LIEU DE MEDIATION NUMERIQUE";coworking / fablab / animation de communautés & réseaux numériques / sensibilisation aux usages numériques / ateliers créatifs et prospectifs / cocréation entre étudiants & professionnels;"Lundi au vendredi 9h-21h; samedi 9h-18h";Equipement de prototypage rapide : imprimante 3D à dépôt de filament, découpe laser, matériel électronique pour IOT (Arduino, Raspberry PI…), CNC, découpe vinyl;;https://www.facebook.com/LaCantinebyTVT;https://twitter.com/LaCantinebyTVT;;http://www.tvt.fr;https://i.goopics.net/1Wpoe.png
81;AFPA ACCES A L'EMPLOI;SASU ;CENTRE AFPA DE TOULON LA VALETTE;395 avenue de la Libération;83160;LA VALETTE SUR VAR;;;LIEU DE MEDIATION NUMERIQUE;Mise à disposition d'espaces de travail et de rencontres, ateliers numériques pour les entreprises,leurs salariés et demandeurs d'emplois;"Tous les premiers jeudi du mois; 9h-12h : AGORA SPACE (médiation numérique) ; 14h-18h / REPAR ACTION (repair café)";Outils et machines présents sur site;;;;;https://www.afpa.fr/directionregionale/direction-regionale-de-paca;https://i.goopics.net/aODWZ.png
82;HORIZON MULTIMEDIA;ASSOCIATION;HORIZON MULTIMEDIA;Espace Pauline - Rond point des 4 chemins;83130;LA GARDE;;;"ESPACE DE COWORKING; FABLAB; LIEU DE MEDIATION NUMERIQUE";ateliers numériques- interventions en établissements scolaires- accompagnement à la parentalité autour des médias numériques- formation des professionnels;Lundi au vendredi 9h-12h/13h30-17h30;Ordinateurs, équipement de fabrication numérique;;;https://twitter.com/horizonm;https://www.youtube.com/user/HorizonMultimedia;http://www.horizonm.fr/lassociation/;https://i.goopics.net/9q72w.png
83;MODE83;ASSOCIATION ;C-NUM;55 avenue du 4 septembre;83300;DRAGUIGNAN;;;"ESPACE DE COWORKING; MEDIALAB; FABLAB; LIEU DE MEDIATION NUMERIQUE";fablab, coworking, espace inernet, cartopartie data lab;"Lundi et mercredi 9h-12h/14h-21h; mardi 14-18h; jeudi et vendredi 9h-12h/14h-18h";Ordinateurs portables, tablettes, materiel vidéo, materiel fablab, TV ;Grande Ecole du Numérique (GEN);https://www.facebook.com/MODE83/;;;http://mode83.net;https://i.goopics.net/G878n.png
84;MODE83;ASSOCIATION ;ESPLANADE DE L'INTERNET;53 boulevard des martyrs de la resistance;83300;DRAGUIGNAN;;;LIEU DE MEDIATION NUMERIQUE;Espace internet, Emploi 2.0, e administration, E citoyenneté;"Lundi,mercredi, jeudi, vendredi  9h-12h/14h-18h; mardi et samedi 14h-18h;";ordinateurs , video projecteur, imprimantes;;https://www.facebook.com/MODE83/;;;http://mode83.net;https://i.goopics.net/oAXA7.png
85;RESINE;ASSOCIATION ;RESINE MEDIA;55 avenue du 4 septembre;83300;DRAGUIGNAN;;;"MEDIALAB; LIEU DE MEDIATION NUMERIQUE";Production de services numériques;Lundi au vendredi 9h - 18h;Equipement de production audiovisuel et multimedia  ;Chantier d'insertion, agréement DIRECCTE;https://www.facebook.com/resinemedia;;;http://resinemedia.net;https://i.goopics.net/K8jnY.png
86;MODE83;ASSOCIATION ;MSAP LE MUY;2 rue Joachim Ollivier;83490;LE MUY;;;LIEU DE MEDIATION NUMERIQUE;E administration, initiation, pc et internet, navigation, emploi 2.0;"Lundi,mercredi, vendredi  9h-12h/14h-18h; mardi 9h-12h; jeudi 9h-12h";Ordinateurs, imprimante scanner copieur;Maison de Service Au Public (MSAP);https://www.facebook.com/MODE83/;;;http://msap-lemuy.fr/;https://i.goopics.net/OKEKQ.png
87;COMMUNAUTE DE COMMUNES LACS ET GORGES DU VERDON;EPCI;MSAP AUPS;33 bis avenue Georges Clémenceau;83630;AUPS;43,625277;6,223399;"ESPACE DE COWORKING; LIEU DE MEDIATION NUMERIQUE";"Ateliers multimédia ; formations ; permanences partenaires ; accompagnement socioprofessionnel";Lundi au vendredi 9h-18h ;"Postes informatiques libre accès ; visioguichet ;  salles de réunion ; ";Maison de Service Au Public (MSAP), Grande Ecole du Numérique (GEN);https://www.facebook.com/msap.aups/;;;http://www.cc-lacsgorgesverdon.fr/;https://i.goopics.net/0WJQO.png
88;YZALIS;SARL ;LA PASSERELLE;40 boulevard Limbert;84000;AVIGNON;"43.9498688
 ";4.81989550000003;ESPACE DE COWORKING;Mise à disposition d'espaces et postes de travail. Café-Conf : ateliers de formation et de sensibilisation notamment sur les problématiques du numérique. ;Lundi au vendredi 9h-18h ;Espaces et postes de travail, écrans d'ordinateur, écrans connectés, copieur, ressources numériques,.;;https://www.facebook.com/lapasserellecoworking/;https://twitter.com/LaPasserelleCo;;https://lapasserelle.co;https://i.goopics.net/WbEe3.png
89;AVENIR 84;ASSOCIATION;AVENIR 84;27 bis avenue de la Trillade;84000;AVIGNON; 43.94118 ;4.817045;"MEDIALAB; FABLAB; LIEU DE MEDIATION NUMERIQUE";Ateliers d'initiation PIM Passeport internet multimédia, ateliers spécifiques, ateliers recherche d'emploi, CV espace personnel, aide aux démarches en ligne, ateliers périscolaire, activité de loisirs, ateliers extérieurs en milieu scolaire maison de retraite etc., medialab fablab projets culture et seniors;Lundi au vendredi 9h-19h, samedi 10h-17h;Postes informatiques  en libre service, imprimantes 3D;Grande Ecole du Numérique (GEN), Point relais CAF, E-administration Département du Vauclusez, Netpublic;https://www.facebook.com/avenir84/;;https://www.youtube.com/channel/UCU_ENbzcvdiuaQbDMhgYZOQ;http://www.avenir-84.org/;https://i.goopics.net/gEkr5.png
90;AVILAB;ASSOCIATION;AVILAB;13 ter impasse Lescure;84000;AVIGNON;43.934323 ;4.801389;"REPAIR CAFE; FABLAB";Accompagnement du grand public à la conception et la fabrication;"Lundi 9h-18h; jeudi 9h-18h";Parc informatique, imprimantes 3D, fraiseuse numérique, laboratoire d’électronique, atelier de menuiserie;Repair Café;http://facebook.com/AvignonFabLab/;http://V;https://www.youtube.com/channel/UCfiSsSf1D3soC-0TiO7HHIA;http://avilab.fr;https://i.goopics.net/jv38v.png
91;COMMUNAUTE DE COMMUNES VAISON VENTOUX;EPCI;ESPACE MULTIMEDIA;375 avenue Gabriel Péri;84110;VAISON-LA-ROMAINE;44.247893      ;5.067989;LIEU DE MEDIATION NUMERIQUE;"Ateliers d'initiation à l'informatique,  stages thématiques, ateliers de révisions, ateliers de sensibilisation sur l'usage d'internet et des réseaux sociaux pour les jeunes. Atelier d'aide à l'administration en ligne
Le mardi de 14h à 16h30
";"Lundi: 9h - 12h / 13h30 - 19h
Mardi: 8h30 - 12h30 / 14h00 - 17h30 avec de 14h à 16h30 l’atelier d’aide à l’administration en ligne
Mercredi: 8h30 - 12h30 / 14h00 - 16h30
Jeudi: 8h30 - 12h00 / 14h00 - 17h30
Vendredi: 8h45 - 12h00 / 13h30 - 17h00
";Ordinateurs portable, tablettes numériques, accès Internet;"Espace Public Numérique (EPN); E-CG Vaucluse;";https://www.facebook.com/VaisonVentoux;https://twitter.com/CCVaisonVentoux;https://www.youtube.com/user/VaisonVentoux;http://www.vaison-ventoux.fr;https://i.goopics.net/pQlaq.png
92;COMITE DE BASSIN D'EMPLOI SUD LUBERON;ASSOCIATION;COMITE DE BASSIN D'EMPLOI SUD LUBERON;ZAC St Martin, 180 rue Philippe de Girard;84120;PERTUIS;;;LIEU DE MEDIATION NUMERIQUE;Accompagnement dématérialisation, en collectif et/ou individuel, rencontres spécifiques dédiées numérique, coworking.;"Lundi au jeudi 8h30-12h30; vendredi 8h30-12h30/13h30-16h00";Ordinateurs, tablettes, vidéo-projecteurs, imprimantes;"Point info CAF; Maison de Services Au Public (MSAP)";https://www.facebook.com/cbesudluberon84;;https://www.youtube.com/channel/UCTKFBz83BXkAvoHWleWe2zA/featured;http://leportaildunumerique.fr/;https://i.goopics.net/WblAw.png
93;LA BRICOTHEQUE;ASSOCIATION;LA BRICOTHEQUE;491 cours Frizet;84210;PERNES LES FONTAINES;;;"FABLAB; LIEU DE MEDIATION NUMERIQUE";Médiations par ateliers, junior à seniors, aides aux projets personnels et professionnels. Fabrications numériques, artisanales, électroniques et robotiques. Mixité et citoyenneté, scolaires, médiathèques et animations à l’extérieur tout public.;"Mardi 17h-20h; mercredi 9h-12h; jeudi,vendredi 17h-20h; samedi 9h-16h";Découpe laser, imprimante 3d, parc informatique, scies circulaires, scie à chantourner, perceuses, ponceuses, défonceuse à bois, outillage à main classique d’un atelier;;https://www.facebook.com/bricothequepernes/*;https://twitter.com/fablabpernes;;http://fablab-pernes.fr/;https://i.goopics.net/3vY7q.png
94;AFPA ACCES A L'EMPLOI;SASU ;CENTRE AFPA D'AVIGNON LE PONTET ;56 avenue Emile Zola;84130;LE PONTET ;;;LIEU DE MEDIATION NUMERIQUE;Mise à disposition d'espaces de travail et de rencontres, ateliers numériques pour les entreprises,leurs salariés et demandeurs d'emplois;"Tous les premiers jeudi du mois; 9h-12h : AGORA SPACE (médiation numérique) ; 14h-18h / REPAR ACTION (repair café)";Outils et machines présents sur site;;;;;https://www.afpa.fr/directionregionale/direction-regionale-de-paca;https://i.goopics.net/aODWZ.png
95;INITIATIVE TERRES DE VAUCLUSE;ASSOCIATION;INITIATIVE TERRES DE VAUCLUSE;813 Chemin du Périgord;84130;LE PONTET ;43.9758827 ;4.87051769999937;PLATEFORME D'INITIATIVE;accueil - accompagnement - expertises (permanences conseils experts-comptables/avocats/assureurs gratuites) - ingénierie financière - financement - parrainage - professionnalisation amont/aval - mise en réseau (workshops, afters-work…);"Lundi au jeudi 8h30-12h30/13h-17h; vendredi 8h30-12h30/13h-16h";Mobilier  de bureau et  accueil -ordinateurs fixes et portables, tablettes, vidéo projecteurs,  écran tv, écran toile , imprimante scanner ;"Citélabs; Incubateur social CAMINA";https://www.facebook.com/Initiativeterresdevaucluse/ ;https://twitter.com/InitiativeTDV;;http://www.initiativeterresdevaucluse.fr;https://i.goopics.net/eQlEj.png
96;APGN ;ASSOCIATION;LA GARE NUMERIQUE; 41 Rue Porte de Monteux;84200;CARPENTRAS;;;Accompagnement à la fabrication numérique, conférence, ateliers, fablab itinérant;"Découpe laser, imprimantes 3D, thermoformeuse; Scanner 3D, découpe vinyle, ordinateurs, raspberry, arduino, microbit, ohbot, ozobot, thymio, scie à chantourner";Mardi au vendredi 9h-12h/14h-18h;"Découpe laser, imprimantes 3D, thermoformeuse; Scanner 3D, découpe vinyle, ordinateurs, raspberry, arduino, microbit, ohbot, ozobot, thymio, scie à chantourner, camion fablan itinérant";;https://www.facebook.com/garenumerique/;https://twitter.com/lagarenumerique;;http://garenumerique.fr;https://i.goopics.net/J8b7a.png
97;ANPEP;ASSOCIATION ;ANPEP;301 Avenue Philippe de Girard;84400;APT;;;LIEU DE MEDIATION NUMERIQUE;Médiation numérique accompagnement aux démarches dématérialisées, atelier recherche d'emploi, utilisation de l'emploi store de pôle emploi, fabrication numérique, atelier création de sites internet avec les commerçants et artisans;Lundi au vendredi 9h-18h, samedi 9h-12h;Ordinateurs , tableau intéractif, imprimante 3D;Grande Ecole du Numérique (GEN), point info CAF, Point ressources numérique Pôle emploi;https://www.facebook.com/anpepapt/;;;http://anpep.free;https://i.goopics.net/jvq3R.png
98;ENTENTE DU VAUCLUSE;ASSOCIATION;ENTENTE DU VAUCLUSE;8 place cardinal Maury;84600;VALREAS;44.384447;4.991898;LIEU DE MEDIATION NUMERIQUE;Mediation et inclusion numerique;"Lundi,mardi 9h-21h; mercredi 9h-12h/14h-18h; jeudi,vendredi 9h-21h; samedi 9h-12h";Ordinateurs, imprimante-scanner, TV;E-cg vaucluse;;;;http://entente84.com;https://i.goopics.net/eQlWK.png
99;DELTA LAB PREFIGURATION;ASSOCIATION;DELTA LAB;2 place E. Colongin  Maison Milon;84600;GRILLON;44.394211;4.929211;"FABLAB; LIEU DE MEDIATION NUMERIQUE";Fabrication numérique 2D et 3D, réseaux d'objets connectés IoT, formation professionnelle;du lundi au vendredi de 9 à 12 h et de 14 à 18 h, le samedi de 10 à 13 h;Imprimantes 3D, découpeuses laser, plotter vinyle, fraiseuses à commande numérique, thermoformeuse, laboratoire électronique, ordinateurs, imprimantes…;;https://www.facebook.com/DeltaLab.infos/;;;http://deltalabprototype.fr;https://i.goopics.net/9qbyj.png
100;ADAPEI VAR-MEDITERRANEE;ASSOCIATION;"Foyer de jeunes travailleurs ""Résidence Central Place"" ";11 place d’armes;83000;TOULON;43.1238305;5.9296376;"FABLAB; ESPACE DE COWORKING; LIEU DE MEDIATION NUMERIQUE";Formation, ateliers;"Tous les jours; permanence fablab : mardi 18h-21h, mercredi 14h-18h,vendredi 18h-21h";;;https://www.facebook.com/adapei83/;;https://www.youtube.com/channel/UCVtf0NkUbvs0hj5mQm6EhgQ;http://www.fjt-toulon.fr/  ;https://i.goopics.net/lElZ4.png
101;ASSOCIATION DE LA FONDATION ETUDIANTE POUR LA VILLE (AFEV);ASSOCIATION;Med'In;24 avenue des Diables Bleus;6300;NICE;43.708723;7.28825;"FABLAB; ESPACE DE COWORKING; LIEU DE MEDIATION NUMERIQUE";Ateliers numériques (scolarité, orientation, usages du numériques), lieu ressource (engagement), de formation (à l'engagement, au numérique ex: freeformers, sensibilisation au codage..),  et d'échanges (rencontres avec des professionnels, des universitaires), organisation d'événements (focus group, débats, visite d'université);Lundi au vendredi 9h-12h30/14h-18h;Ordinateurs;;https://www.facebook.com/afev.nice/;;https://www.youtube.com/channel/UCV7cTcJPxqXiFI8cZzJKlFw;http://www.afev.org;https://i.goopics.net/aOlPe.png
102;ASSOCIATION SERVICES MEDIATION ;ASSOCIATION;Maison Digit'elles;15 boulevard Mermoz;13700;MARIGNANE;43,42;5,29;LIEU DE MEDIATION NUMERIQUE;Ateliers formation numérique débutants et initiés, ateliers spécifiques , accompagnement aux démarches d'accès aux droits en ligne  et aux démarches d'insertion et d'emploi, accompagnement à l'orientation et recherche de stages des jeunes;Lundi au vendredi 9h-12h/14h-18h;Ordinateurs, accès internet, photocopieurs, scanners;;https://www.facebook.com/associationservicemediation/;;;https://www.facebook.com/associationservicemediation/;https://i.goopics.net/AJbvp.png
103;COMMUNAUTE DE COMMUNES ALPES PROVENCE VERDON;EPCI;MSAP Annot Entrevaux;Place Charles Panier;4330;ENTREVAUX;43.949837;6.809878;LIEU DE MEDIATION NUMERIQUE;"Animations informatique gratuites pour tous ; accompagnement pour démarches en ligne ; mise à disposition de PC en accès libre";"Lundi 9h-12h/14h-17h; jeudi 9h-12h; vendredi 9h-12h/14h-17h";Ordinateurs fixes et portables, connexion internet, imprimante, matériel visio.;Maison de Services Au Public (MSAP);;;;http://ccapv.fr;https://i.goopics.net/G8bjv.png
104;COMMUNAUTE DE COMMUNES ALPES PROVENCE VERDON;EPCI;MSAP Annot Entrevaux;Place du Germe;4240;ANNOT;43.965417;6.667501;LIEU DE MEDIATION NUMERIQUE;"Animations informatique gratuites pour tous ; accompagnement pour démarches en ligne ; mise à disposition de PC en accès libre";"Mardi,mercredi 0h-12h/14h-17h; jeudi 14h-17h";Ordinateurs fixes et portables, connexion internet, imprimante, matériel visio.;Maison de Services Au Public (MSAP);;;;http://ccapv.fr;https://i.goopics.net/G8bjv.png
105;COMMUNAUTE DE COMMUNES ALPES PROVENCE VERDON;EPCI;MSAP Castellane;Avenue  Frédéric Mistral - ancienne gendarmerie;4120;CASTELLANE;43.846042; 6.509281;LIEU DE MEDIATION NUMERIQUE;"Animations informatique gratuites pour tous ; accompagnement pour démarches en ligne ; mise à disposition de PC en accès libre";Lundi à vendredi 9h-12h/14h-17h;Ordinateurs fixes et portables, connexion internet, imprimante, matériel visio.;Maison de Services Au Public (MSAP);;;;http://ccapv.fr;https://i.goopics.net/G8bjv.png
106;COMMUNAUTE DE COMMUNES ALPES PROVENCE VERDON;EPCI;MSAP Saint-André Haut-Verdon;Place de Verdun;4170;SAINT-ANDRE-LES-ALPES;43.966830;6.507305;LIEU DE MEDIATION NUMERIQUE;"Animations informatique gratuites pour tous ; accompagnement pour démarches en ligne ; mise à disposition de PC en accès libre";Lundi à vendredi 9h-12h/13h30-16h30;Ordinateurs fixes et portables, connexion internet, imprimante, matériel visio.;Maison de Services Au Public (MSAP);;;;http://ccapv.fr;https://i.goopics.net/G8bjv.png
107;COMMUNAUTE DE COMMUNES CŒUR DU VAR;EPCI;Le Tarmac;Quartier Précoumin;83340;LE LUC EN PROVENCE;43,378668;6,296099;ESPACE DE COWORKING;Coworking,networking, partage d'expériences, accueil des acteurs institutionnels dans le cadre d’animations et de permanences régulières : les mardis de l’entrepreneuriat.;Ouverture au public (hors coworking) 9h-12h/14h-18h;Connexion Internet en Wifi (fibre optique), Imprimante - Scanner - Photocopieur;;https://www.facebook.com/coeurduvarofficiel/;https://twitter.com/coeurduvar;https://www.youtube.com/user/coeurduvar83;http://coeurduvar.com;https://i.goopics.net/D8b2Z.png
108;ESPACE SOCIAL ET CULTUREL VILLEMARIE;ASSOCIATION;Espace social et culturel Villemarie;73 rue Pierre Parocel;84200;CARPENTRAS;44.0561717;5.0356369;LIEU DE MEDIATION NUMERIQUE;Accompagnement individuel de médiation numérique, ateliers collectifs d'initiation à l'informatique et projets collectifs de création, accompagnement à l'emploi, ateliers d'accompagnement scolaire;"Lundi 8h30-17h; mardi 9h-12h30/14h-18h30; mercredi 9h-12h30/14h-17h; jeudi 8h30-17h";Ordinateurs + imprimantes scan laser couleur  + matériel vidéo;"Maison de Services Au Public (MSAP); Point numérique CAF; E-cg Vaucluse";http://facebook.com/esc.villemarie;;https://www.youtube.com/channel/UCe_YT9IXMAfiCDCWFIB8brA;http://www.villemarie.com;https://i.goopics.net/qvraQ.png
109;FOYER RURAL CEPAGE;ASSOCIATION;Foyer rural CEPAGE;1 Av miss Pell;6260;PUGET-THENIERS;43.9559244;6.8908272;LIEU DE MEDIATION NUMERIQUE;Accompagnement formation aux usages numériques, recherche emploi et e-administration;"Lundi au vendredi 9h-12h : sur rendez vous ; Lundi au vendredi 13h30-17h30 : acces libre; mardi,mercredi 18h-20h : ateliers collectifs";Serveur avec clients légers,  imprimante laser couleur en réseau, ordinateurs portables accès internet;"Maison de Services Au Public (MSAP); Espace Public Numérique (EPN)";https://www.facebook.com/Foyer-Rural-Cepage-347954478705641/;https://twitter.com/CIED_PACA;https://www.youtube.com/channel/UCSGB_gJUwiEBh4HtcOlBn7Q;http://www.foyer-rural-cepage.com ;https://i.goopics.net/dRlAd.png
110;DONUT INFOLAB;ASSOCIATION;Donut infolab;68 rue Sainte;13001;MARSEILLE;43.2918916;5.369685;INFOLAB;Ateliers itinérants de médiation aux données, support et formation pour des projets citoyens faisant appel à l'utilisation de données pour le bien commun, création et diffusion de data-visualisations, militer pour l'open data et favoriser l'acculturation aux données et à leurs usages sur le territoire régional.;En fonction des événements couverts;Ordinateurs;;https://www.facebook.com/donutmarseille/ ;https://twitter.com/DonutMarseille;;https://www.ledonut-marseille.com/;https://i.goopics.net/aO3Jy.png
111;LA FRUITIERE NUMERIQUE;SOCIETE PUBLIQUE LOCALE;La Fruitière numérique;42 Avenue du 8 mai 1945;84160;LOURMARIN;43.766501;5.364387;"FABLAB; ESPACE DE COWORKING; LIEU DE MEDIATION NUMERIQUE";Ateliers informatique débutant, atelier DIY Lab' adultes et ados, rendez-vous Pro', événements, expositions, résidence Artistique;"Lundi 15h-19h; mardi 10h-13h/14h-21h, mercredi au samedi 10h-13h/14h-19h";Imprimante 3D, découpe Laser, fraiseuses Numériques, plotter de découpe vinyle, découpe mousse, scanners 3D;;https://www.facebook.com/lafruitierenumerique/;https://twitter.com/fablablourmarin;https://www.youtube.com/channel/UC1vgKcq7NV4JtHVxyDX8PWA;http://www.lafruitierenumerique.com/;https://i.goopics.net/dRGvw.png
112;LABORATOIRE D'INTELLIGENCE COLLECTIVE ET ARTIFICIELLE;SCOP;LABORATOIRE D'INTELLIGENCE COLLECTIVE ET ARTIFICIELLE;15 boulevard Léglize;13004;MARSEILLE;43.3114623;5.3951439,17;LIEU DE RENCONTRE CITOYENNE;Formations : numérique & éthique, big data, intelligence artificielle, blockchain. Rencontres citoyennes sur les enjeux sociétaux et l'éthique du numérique. Accompagnements transformation du numérique et des organisations;Lundi au vendredi 9h-12h/14h-18h;Casques EEG, ordinateurs, casques VR, jeux, kit d'intelligence collective, tablettes graphiques;;https://www.facebook.com/LICA.europe/;https://twitter.com/LicaEurope;;http://www.lica-europe.org;https://i.goopics.net/8gZPG.png
113;INITIATIVE LUBERON;ASSOCIATION;LUB' FACTORY;Pépinière d'entreprises Bernard Chevalier - avenue Eugène Baudoin;84400;APT;43.8752482;5.3905659;ESPACE DE COWORKING;Coworking, rendez-vous individuels conseils à la création, formation webmarketing, création de site internet, les outils numériques, l'impression 3D et d'autres sujets ,mise en réseau des entrepreneurs;Lundi au vendredi 8h30-12h30/13h30-17h30;mobilier/matériel coworking/prises informatiques/wifi dédié/grand écran mural;;www.facebook.com/LubFactory;;;http://www.initiative-luberon.fr;https://i.goopics.net/lE2KA.png
114;LA LIGUE 83;ASSOCIATION;ALTernativ';68, avenue victor agostini;83000;TOULON;43.1305455;5.9341359;TIERS LIEU SOLIDAIRE;Coopération entre volontaires et associations : médiation, numérique, création de nouveaux projets, de nouveaux outils de gestion  etc..;"Lundi au vendredi 9h-18h; samedi sur rendez-vous.";Ordinateurs, écrans tactiles, montage video et organisation robotique, drone;APTIC, Centre de Ressource et d'Information des Bénévoles (CRIB);https://www.facebook.com/FOL83/;;;http://www.fol83laligue.org;https://i.goopics.net/PDo55.png
115;MINES SAINT-ETIENNE;EPSCP;Campus Georges Charpak Provence;880 route de Mimet;13541;GARDANNE;43.4449842;5.4772308;"CAMPUS IOT; FABLAB; PLATEFORME DE PROTOTYPAGE; PRE-INCUBATEUR";;Lundi au vendredi 9h-18h;;;www.facebook.com/MinesSaintEtienne;twitter.com/MINES_StEtienne;www.youtube.com/channel/UCVSdpdmJccvUngjJ2on1n3A;http://www.mines-stetienne.fr;https://i.goopics.net/yOg5V.png
116;MJC DE BEDOIN;ASSOCIATION;MSAP La Cerise Numérique;79, chemin Vallat de Pommet;84410;BEDOIN;44.11660104481071;5.178335734446591;LIEU DE MEDIATION NUMERIQUE;Ateliers numériques spécifiques pour les demandeurs d’emploi, conseil et accompagnement informatiques tout public, aide à la démocratisation des logiciels libres,  promotion d’une informatique écoresponsable, recyclage et reconditionnement de DEEE catégorie 3, don de matériels reconditionnés;"Lundi, mercredi, jeudi, vendredi 8h30-12h30; mardi 8h30-12h30/15h-19h";Postes informatiques , scanner, imprimante laser en réseau, possibilité de vidéo-conférence;"Maison de Services Au Public (MSAP); Point numérique CAF; E-cg Vaucluse";https://www.facebook.com/MSAPBedoin;https://twitter.com/Eric_Ecg_Bedoin;;http://mjcbedoin.org/index.php?pages/MSAP-La-Cerise-Numérique;https://i.goopics.net/wyR4Z.png
117;REFLETS;ASSOCIATION;NICE Val Eco-Tech;10 avenue Pierre Isnard;6200;NICE;43.6841298;7.1962885;LIEU DE MEDIATION NUMERIQUE;Accompagnements numérique sur emploi-formation, culture numérique pour tous;"Lundi, mercredi, vendredi 9h-12h30/13h30-17h; mardi, jeudi 9h-12h30/13h30-19h00; samedi 19h-12h";Ordinateurs fixes, ordinateurs portables, tablettes, vidéo-projecteurs;Grande Ecole du Numérique (GEN);https://www.facebook.com/reflets06/;;;http://www.reflets.asso.fr;https://i.goopics.net/aO3yR.png
118;REFLETS;ASSOCIATION;Cagnes Es-Num;14 rue Pasteur;6800;CAGNES SUR MER;43.6574592;7.1433949;LIEU DE MEDIATION NUMERIQUE;Accompagnements numérique sur emploi-formation, culture numérique pour tous, transition numérique des entreprises;"Lundi, mercredi, vendredi 9h-12h30/13h30-17h; mardi, jeudi 9h-12h30/13h30-19h00; samedi 19h-12h";Ordinateurs fixes, ordinateurs portables, tablettes, vidéo-projecteurs;Grande Ecole du Numérique (GEN);https://www.facebook.com/reflets06/;;;http://www.reflets.asso.fr;https://i.goopics.net/aO3yR.png
119;TELECOM VALLEY;ASSOCIATION;SO FAB;450  route des Chappes;6410;BIOT-SOPHIA ANTIPOLIS;43.615591;7.072513;FABLAB;Prototypage, formation / animation;Lundi au vendredi 12h-19h, matin dur demande.;Découpeuse laser, Imprimante 3D et lithographique;;https://www.facebook.com/sofab.tv/;https://twitter.com/SoFABbyTV;https://www.youtube.com/user/TelecomValley1;http://www.telecom-valley.fr/;https://i.goopics.net/Nv4QG.png
120;VF EVENTS;SAS;La Coque;Place Henri Verneuil;13002;MARSEILLE;43.309046;5.367396;"CENTRE D'INNOVATION;  VITRINE NUMERIQUE";Evénementiels (conférences, salons, ateliers, networking...), open innovation, sensibilisation, showroom IOT, showroom start-up, plateforme BIM;Lundi au vendredi 9h-21h, ouvert le week-end en fonctions des évènements accueillis;Internet THD, WIFI,  écrans HD, visioconférence, outil brainstorming&Interactivité, showroom de plots usages IOT, table tactile, tablettes, PC, domotique, camera HD, plateforme informatique BIM , showroom de solutions de start-up, casque VR, videoprojecteur 3D...;;https://www.facebook.com/LA.COQUE.NUMERIQUE/;https://twitter.com/LaCoqueNumeriq ;https://www.youtube.com/channel/UCxPyIrviMHvkjgr0Um4oQ5g/;http://www.lacoque-numerique.fr;https://i.goopics.net/EYnpa.png
121;COMMUNE D'ARLES;COLLECTIVITE TERRITORIALE;Sambuc e-nov;Mairie annexe du Sambuc;13200;ARLES;43.52452;4.706212;LIEU DE MEDIATION NUMERIQUE;Accompagnement à l'utilisation des services publics numériques, assistance numérique, formation, participation citoyenne, pratique collaborative;"Lundi au jeudi 8h30- 12h15/13h30-16h30; vendredi 8h30-12h15";Ordinateur connecté à Internet, une imprimante / scanner ;;https://www.facebook.com/ville.arles/;https://twitter.com/VilledArles;;https://demarches.arles.fr/menu/aide/;https://i.goopics.net/ZYEOG.png
122;COMMUNE D'ARLES;COLLECTIVITE TERRITORIALE;Trinquetaille e-nov;Maison publique de quartier de Trinquetaille, Place Léopold Moulias;13200;ARLES ;43.68158 ;4.6215;LIEU DE MEDIATION NUMERIQUE;Accompagnement à l'utilisation des services publics numériques, assistance numérique, formation, participation citoyenne, pratique collaborative;"Mardi au vendredi 9h-12h20/13h15-16h20; samedi 8h30-12h20";Ordinateur connecté à Internet, une imprimante / scanner ;;https://www.facebook.com/ville.arles/;https://twitter.com/VilledArles;;https://demarches.arles.fr/menu/aide/;https://i.goopics.net/ZYEOG.png
123;COMMUNE D'ARLES;COLLECTIVITE TERRITORIALE;Moules e-nov;Mairie annexe de Moulès, 3 place de la Mairie;13280;MOULES;43.6558 ;4.74067;LIEU DE MEDIATION NUMERIQUE;Accompagnement à l'utilisation des services publics numériques, assistance numérique, formation, participation citoyenne, pratique collaborative;Lundi au vendredi 8h30-12H20/132h15-16h30;Ordinateur connecté à Internet, une imprimante / scanner ;;https://www.facebook.com/ville.arles/;https://twitter.com/VilledArles;;https://demarches.arles.fr/menu/aide/;https://i.goopics.net/ZYEOG.png
124;COMMUNAUTE D'AGGLOMERATION GAP-TALLARD-DURANCE;EPCI;GAAAP Incubateur et coworking;16  rue Carnot;5000;GAP;44.5585152;6.078161;INCUBATEUR;Accompagnement d'entreprises , évènementiel,;Lundi au samedi 8h30-19h;Ordinateurs, vidéoprojecteur, imprimantes, appareil photo numérique;;https://www.facebook.com/Gaaap05/;;;https://www.gaaap.fr/;https://i.goopics.net/EYnxD.png
125;COMMUNAUTE D'AGGLOMERATION GAP-TALLARD-DURANCE;EPCI;GAAAP Incubateur et coworking;3 rue du colonel Roux;5000;GAP;44.5587776;6.0776073;ESPACE DE COWORKING;Coworking,animations, mise en réseau;Lundi au samedi 8h30-19h;Ordinateurs, vidéoprojecteur, imprimantes, appareil photo numérique;;https://www.facebook.com/Gaaap05/;;;https://www.gaaap.fr/;https://i.goopics.net/EYnxD.png
126;WILD CODE SCHOOL;SAS;Wild Code School;1 place Francis Chirat;13002;MARSEILLE;43.3009;5.36729;ORGANISME DE FORMATION CONTINUE;Formations aux métiers numériques;Lundi au vendredi 9h-12h/14h-18h;Salle de formation équipée d'écrans de projection, ordinateurs portables de prêt, salles de réunion de 4 à 12 personnes, salle de projection de 20 places;;https://www.facebook.com/wildcodeschool/;https://twitter.com/WildMarseille;https://www.youtube.com/channel/UCi99G_0QPx5sYsK8zdvQzfw;http://www.wildcodeschool.fr;https://i.goopics.net/mvyvm.png
127;ATRIOOM;SAS;Atrioom;17 La Canebière;13001;MARSEILLE;43.2961;5.37657;ESPACE D'INNOVATION;Atrioom est une agence spécialisée en design de service. Nous concevons des expériences multicanales, utiles, utilisables et engageantes pour les usagers ou les salariés de nos clients.;Lundi au vendredi 9h-12h/14h-21h;Studio photo (30m2) / Salle de créativité (45m2) / Salle de réunion (30m2) / Laboratoire de Test (20m2) ;;https://www.facebook.com/atrioom/;https://twitter.com/Atrioom_agency;;http://www.atrioom.fr;https://i.goopics.net/EY5V5.png
