Nom;Descriptif;Type de pratique;Accompagnement;Accès;Usage spécifique;Public;Précisions sur le public;Tarif;Equipements et matériels;Lundi;Mardi;Mercredi;Jeudi;Vendredi;Samedi;Dimanche;Précisions sur les horaires;Adresse;Code postal;Ville;Téléphone 1;Téléphone 2;Mail;Web;Accès transports en commun;Label;Géolocalisation
Maison de l'emploi - Site Malakoff;La Maison de l'emploi de la métropole nantaise propose aux demandeurs d'emploi, aux salariés, aux entreprises et aux créateurs potentiels, l’accès à des cyberbases animées par des professionnels.  Des initiations à l'outil informatique sont organisées régulièrement pour vous aider dans votre recherche d'emploi : manipuler la souris et apprendre le clavier, prendre en main un ordinateur, réaliser son CV avec   un logiciel de traitement de texte, créer et gérer sa boîte e-mail, rechercher un emploi avec Internet...;- Accéder à Internet (pour la recherche d’emploi)- Être initié aux outils numériques;- Assistance et conseil sur place- Atelier d'initiation à l’outil informatique et ateliers liés à la recherche d'emploi.;libre;la recherche d'emploi, de formation et de création d'entreprise;pour tous;particulièrement les demandeurs d'emploi, les salariés et les créateurs d'entreprise;gratuit;ordinateurs avec accès Internet et bureautique, photocopieur, scanner, imprimante;11h00-12h30 / 13h30-16h30;11h00-12h30 / 13h30-16h30;11h00-12h30 / 13h30-16h30;13h30-16h30;11h00-12h30 / 13h30-16h30;;;;5 rue de l'Autriche;44000;Nantes;02 28 44 33 80;;espace.malakoff@me-metropole-nantaise.org;http://www.me-metropole-nantaise.org/;Chronobus C3 (arrêt Ecosse);Label  NetPublic;47.216169,-1.525014
Médiagraph;L’association Médiagraph propose d’initier et de former au numérique tous les publics, même ceux qui s'en sentent les plus éloignés. Médiagraph considère que les outils et usages numériques sont indispensables à la lutte contre les inégalités (accès aux savoirs, à la culture, aux droits, à la citoyenneté, à l’emploi) mais aussi un levier essentiel pour renforcer le partage et la transmission des connaissances, le rapprochement entre les générations et les capacités d’expression de chacun. L'association accompagne aussi toute structure publique ou privée (collectivités, associations, entrepreneurs individuels…).;- Accéder à Internet - Être initié aux outils et usages numériques- Être sensibilisé aux risques d'Internet- Être accompagné dans mes démarches administratives- Être accompagné dans son projet personnel, professionnel, associatif;- Atelier séniors : prise en main, perfectionnement, découverte- Formations professionnelles et associatives (salariés, bénévoles associatifs, porteurs de projets...) -Atelier scolaire, atelier intergénérationnel…- Assistance et conseil sur place;sur inscription;renseignements et inscriptions les lundis matin de 9h00 à 12h30 et vendredis après-midi de 14h00 à 17h00 ou sur rendez-vous;pour tous;;payant (adhésion annuelle : de 31 à 90€) + prix des ateliers;ordinateurs équipés d’accès Internet, de logiciels bureautiques et de logiciel de retouche de photo, scanner, imprimante, Wifi;;;;;;;;Horaires variables en fonction des ateliers;1 rue d'Auvours;44000;Nantes;02 40 12 19 12;;contact@assomediagraph.fr;http://www.assomediagraph.fr/;Tramway L3 (arrêt Viarme Talensac);Label  NetPublic;47.221385,-1.563518
Maison de l'emploi - Site Dervallières;La Maison de l'emploi de la métropole nantaise propose aux demandeurs d'emploi, aux salariés, aux entreprises et aux créateurs potentiels, l’accès à des cyberbases animées par des professionnels.  Des initiations à l'outil informatique sont organisées régulièrement pour vous aider dans votre recherche d'emploi : manipuler la souris et apprendre le clavier, prendre en main un ordinateur, réaliser son CV avec   un logiciel de traitement de texte, créer et gérer sa boîte e-mail, rechercher un emploi avec Internet…;- Accéder à Internet (pour la recherche d’emploi)- Être initié aux outils numériques;- Assistance et conseil sur place- Atelier d'initiation à l’outil informatique et ateliers liés à la recherche d'emploi;libre;la recherche d'emploi, de formation et de création d'entreprise;pour tous;particulièrement les demandeurs d'emploi, les salariés et les créateurs d'entreprise;gratuit;ordinateurs avec accès Internet et bureautique, photocopieurs, scanner, imprimante;11h00-12h30 / 13h30-16h30;11h00-12h30 / 13h30-16h30;11h00-12h30 / 13h30-16h30;13h30-16h30;8h30-12h30 / 13h30-16h30;;;;Pôle Daniel Asseray - 8 rue Henri Matisse;44100;Nantes;02 28 03 58 00;;espace.dervallieres@me-metropole-nantaise.org;http://www.me-metropole-nantaise.org/;Chronobus C3 (arrêt Raoul Dufy) C6 (arrêt St Laurent);Label  NetPublic;47.22335,-1.596814
Toit à Moi;L’association Toit à Moi à pour objectif une réelle insertion des personnes dans la société, autant d’un point de vue économique que d’un point de vue humain. Une équipe de bénévoles s’est constituée pour aider les personnes que l’association loge et accompagne. Dans les cadre de ses mission, Toit à Moi aide également à la recherche de formation et dans la réalisation des démarches administratives, propose la création d’un blog et du soutien informatique.;- Accéder à Internet- Être initié aux outils numériques- Être accompagné dans mes démarches administratives- Être accompagné dans mon projet personnel ou professionnel;- Assistance et conseil sur place- Ateliers autour de la recherche d’emploi;sur inscription;;personnes isolées en situation de précarité;;gratuit;ordinateurs équipés d’accès Internet et de logiciels bureautiques, scanner, photocopieur, imprimante, Wifi;9h00-17h00;9h00-17h00;9h00-17h00;9h00-17h00;9h00-17h00;;;;19 rue Eugène Tessier;44000;Nantes;09 53 05 37 07;;alexandre.casseron@toitamoi.net;http://www.toitamoi.net/;Chronobus C1 (arrêt Bel Air);;47.226047,-1.557974
La Bagagerie - Martyrs Nantais (Association Saint Benoît Labre);L’association Saint Benoît Labre lutte contre l’exclusion des personnes en difficultés sociales et professionnelles et vient en aide aux personnes et familles en précarité. Dans ce cadre, l’association met à disposition des usagers de l’association des espaces informatiques dans ses centres d’hébergement. Ces lieux d’activité informatique permettent de s’initier à l’informatique, d’utiliser Internet, de créer un CV, d’échanger avec ses proches par mail, de se détendre, de se cultiver et de se former à la bureautique.;- Accès libre à Internet- Être initié aux outils informatiques- Être accompagné dans mon projet personnel ou professionnel;Assistance et conseil sur place;Adhérents et résidents à la Bagagerie;;personnes en situation de précarité;;gratuit;ordinateurs équipés d’accès Internet et de logiciels bureautiques,Wifi;8h00-12h00 / 14h00-18h00;8h00-12h00 / 14h00-18h00;8h00-12h00 / 14h00-18h00;8h00-12h00 / 14h00-18h00;8h00-12h00 / 14h00-18h00;;;;17 boulevard des Martyrs Nantais;44200;Nantes;;;;http://asbl44.com/;Tramway L2 L3 (arrêt Wattignies);;47.20296,-1.54568
Studio 11/15;Créé par la Ville de Nantes et animé par l’Accoord, le Studio 11/15 est un espace aux loisirs et à la créativité, qui propose aux adolescents de découvrir des activités artistiques, ludiques, culturelles, sportives et multimédia. L’objectif de ses ateliers est de partager, de donner envie aux adolescents de participer, et de rendre visibles leurs initiatives. Situé au cœur du Quartier de la création, le Studio 11/15 est un lieu de croisement, de rencontres, de créativité et d’échanges.;- Pratiquer une activité ludique et éducative - Être sensibilisé aux risques d'Internet;- Ateliers : éducation aux médias- soirée d’échanges parents – ados;sur inscription;;pour les jeunes de 11 à 15 ans;;payant (adhésion annuelle : de 31 à 90€) + prix des atelier;ordinateurs équipés de logiciels de montage, plateau radio, tablettes;;;;;;;;Horaires variables en fonction des ateliers;7 boulevard Léon Bureau;44200;Nantes;02 44 76 11 07;;studio11-15@accoord.fr;https://www.nantes.fr/studio1115;Chronobus C5 (arrêt Gare de l’Etat );;47.206157,-1.563969
Atelier Partagé du Breil (Association PiNG);L’Atelier Partagé du Breil est un atelier collaboratif où chacun peut venir fabriquer, réparer, créer tous types d’objets. L’atelier est animé par l’association PiNG, acteur impliqué dans l’utilisation des logiciels libres dans une démarche de démocratisation et de pérennité des pratiques autour du numérique.;Pratiquer une activité ludique et éducative;- Assistance et conseil sur place- Ateliers d'entraide réparation- Ateliers d'entraide informatique animé par l'association Naga;libre;sous condition d’adhésion;pour tous;à partir de 18 ans;payant (adhésion annuelle : de 16 à 30€);outillage traditionnel (tournevis / perceuse…), électronique de base (fers à souder, composants…), machines à coudre, imprimante 3D, Wifi;;14h00-20h00;;;;;;;38 rue du Breil;44100;Nantes;02 40 16 86 78;;atelierpartage@pingbase.net;http://www.pingbase.net/atelier-partage-du-breil;L54 (arrêt Petit Carcouët);;47.228811,-1.58443
Médiathèque Luce Courville;Ouvertes à tous, les médiathèques municipales sont présentes dans les différents quartiers de la Ville de Nantes. Elles proposent un large catalogue de documents (livres, CD, DVD, BD, …) accessibles en ligne ainsi que de ordinateurs pour la consultation d'Internet et/ou des logiciels de bureautique.;- Accéder à Internet;- Assistance et conseil sur place- Ateliers : initiation à l'informatique, accompagnement numérique (découverte du clavier et de la souris, créer et gérer sa boite mail, …), aide aux démarches sur Internet;libre;;pour tous;;gratuit;ordinateurs équipés d’accès Internet et de logiciels bureautiques, photocopieur, imprimante, Wifi;;13h30-18h00;10h00-18h00;13h30-18h00;13h30-19h00;10h00-17h00;;;1 rue Eugène Thomas;44300;Nantes;02 40 41 53 50;;bm-nord@mairie-nantes.fr;https://bm.nantes.fr/home.html;Tramway L2, Chronobus C2 et L96 (arrêt Chêne des Anglais);;47.26168,-1.574329
Association Culturelle Musulmane Nantes Nord (ACMNN);L'Association Culturelle Musulmane Nantes Nord (ACMNN) favorise les rencontres, les échanges, l’entraide et la solidarité dans les quartiers de la ville de Nantes. Sur le numérique, ses activités s’articulent autour de l’accompagnement des usagers, notamment dans leurs démarches administratives.;- Accéder à Internet- Être initié aux outils numériques- Être accompagné dans mes démarches administratives;- Ateliers  : création-gestion de boîte email, apprendre à taper du texte, création-gestion des dossiers et fichiers- Accompagnement dans les démarches administratives;sur inscription;;pour tous;;gratuit;ordinateurs équipés d’accès Internet et de logiciels bureautiques, scanner, photocopieur, imprimante, Wifi;16h00–17h00;10h30–12h00;;10h30-12h0016h00-17h00;18h30-20h;10h30–12h00;;;3 rue Eugène Thomas;44300;Nantes;02 40 16 00 98;06 64 09 81 46;acmnn@wanadoo.fr;http://www.acmnn.fr;"Tramway L2 ; Chronobus C2 et L96 (arrêt Chêne des Anglais)";;47.263017,-1.57286
Maison de l'emploi - Site Nantes Est;La Maison de l'emploi de la métropole nantaise propose aux demandeurs d'emploi, aux salariés, aux entreprises et aux créateurs potentiels, l’accès à des cyberbases animées par des professionnels.  Des initiations à l'outil informatique sont organisées régulièrement pour vous aider dans votre recherche d'emploi : manipuler la souris et apprendre le clavier, prendre en main un ordinateur, réaliser son CV avec   un logiciel de traitement de texte, créer et gérer sa boîte e-mail, rechercher un emploi avec Internet…;- Accéder à Internet (pour la recherche d’emploi)- Être initié aux outils numériques;- Assistance et conseil sur place- Atelier d'initiation à l’outil informatique et ateliers liés à la recherche d'emploi.;libre;la recherche d'emploi, de formation et de création d'entreprise;pour tous;particulièrement les demandeurs d'emploi, les salariés et les créateurs d'entreprise;gratuit;ordinateurs avec accès Internet et bureautique, photocopieur, scanner, imprimante;10h30 à 12h30 / 13h30 à 16h30;10h30 à 12h30 / 13h30 à 16h30;8h30 à 12h30 / 13h30 à 16h30;13h30-16h30;10h30 à 12h30 / 13h30 à 16h30;;;;9 rue Augustin Fresnel;44300;Nantes;02 40 08 97 20;;espace.nantes.est@me-metropole-nantaise.org;http://www.me-metropole-nantaise.org/;Chronobus C1 (arrêt Chocolaterie) / L11 (arrêt Ménétrier);Label  NetPublic;47.24124,-1.523846
Médiathèque Lisa Bresner;Ouvertes à tous, les médiathèques municipales sont présentes dans les différents quartiers de la Ville de Nantes. Elles proposent un large catalogue de documents (livres, CD, DVD, BD, …) accessibles en ligne ainsi que de ordinateurs pour la consultation d'Internet et/ou des logiciels de bureautique. Certaines médiathèques proposent également des ateliers d’initiation au numérique.;- Accéder à Internet - Être initié aux outils numériques;- Assistance et conseil sur place- Ateliers : initiation à l'informatique et accompagnement numérique (découverte du clavier et de la souris, créer et gérer sa boite mail, …);libre;;pour tous;;gratuit;ordinateurs équipés d’accès Internet et de logiciels bureautiques, photocopieur, imprimante, Wifi;;13h30-18h00;10h00-18h00;13h30-18h00;13h30-19h00;10h00-17h00;;;23 boulevard Émile Romanet;44100;Nantes;02 40 41 54 00;;bm-ouest@mairie-nantes.fr;https://bm.nantes.fr/home.html;Tramway L1 (arrêt Jamet) / L1 (arrêt Croix Bonneau);;47.209929,-1.60304
Plateforme C;Plateforme C est un atelier collaboratif de fabrication numérique et de prototypage rapide (fabab) animé par l’association PiNG. Dans un espace de 300m2, Plateforme C rassemble tous les outils que l’on trouve dans un atelier de bricolage traditionnel -établis électroniques, mécaniques, et bois- ainsi que des des machines à commande numérique, pilotées par ordinateur (imprimantes 3D, découpe vinyle, découpe laser, fraiseuse numérique, etc.);- Pratiquer une activité ludique et éducative- Être accompagné dans mon projet personnel ou professionnel;- Assistance et conseil sur place- Ateliers  d'initiation pour chaque machine à commande numérique (de 1h30 à 3h)- Fab Lab (atelier de création)- Espace ressources aux publications sur la culture numérique;libre;sous condition d’adhésion – Découverte gratuite le mardi à 19h;pour tous;à partir de 18 ans;payant (adhésion annuelle : de 31 à 90€ pour l’openatelier du jeudi / adhésion annuelle + forfait tarifaire pour les ateliers projets organisés les autres jours de la semaine);Machines à commande numériques (imprimantes 3D, découpe laser, fraiseuse numériques, routeur CNC, découpe vinyle), établis, outils électroniques et textiles, Wifi - Espace ressource aux publications sur la culture numérique;;14h00-21h00;14h00-21h00;14h00-21h00;10h00-18h00;;;;Hangar 30 – quai des Antilles;44200;Nantes;02 51 84 13 57;;contact@plateforme-c.org;http://www.plateforme-c.org/;Tramway L1 (arrêt Chantiers Navals) / Chronobus C5 (arrêt quai des Antilles);;47.203369,-1.57187
Centre Socioculturel Accoord - Bourderies;L’Accoord a pour objectif de développer l’action éducative, sociale et culturelle pendant le temps libre à Nantes. L’association propose une offre de services autour de l'animation sociale, le développement culturel et les loisirs socio-éducatifs. Des espaces multimédias sont ouverts pour découvrir, utiliser et être aidé dans la pratique du multimédia. Le centre socioculturel Accoord Bourderies propose également un accompagnement à l’appropriation des usages numériques pour des projets personnels et professionnels.;- Accéder à Internet- Être initié aux outils numériques- Être accompagné dans mes démarches administratives- Pratiquer une activité ludique et éducative;- Assistance et conseil sur place- Ateliers : la bureautique, le traitement d'images, la protection de son ordinateur et ses données, le stockage de données en ligne, l’installation logiciels;sur inscription;;pour tous;;payant (adhésion annuelle : de 0 à 15€);ordinateurs équipés d’accès Internet et de logiciels bureautiques, imprimante, scanner;;16h15-18h00;;16h15-18h00;;;;;2A rue de Saint Brévin;44100;Nantes;02 40 46 41 46;;bourderies@accoord.fr;https://www.accoord.fr/http://bourderies.blogspot.fr/;L11 (arrêt Bourderies);;47.206682,-1.596419
Médiathèque Jacques Demy;Ouvertes à tous, les médiathèques municipales sont présentes dans les différents quartiers de la Ville de Nantes. Elles proposent un large catalogue de documents (livres, revues, CD, DVD, BD, …) accessibles en ligne ainsi que des ordinateurs pour la consultation d'Internet et/ou l'utilisation des logiciels de bureautique. Certaines médiathèques proposent également des ateliers d’initiation au numérique.;- Accéder à Internet - Être initié aux outils numériques- Pratiquer une activité ludique et éducative;- Assistance et conseil sur place- Ateliers de découverte des ressources numériques : My Cow (apprentissage de l’anglais), InaTHEQUE (accès aux archives TV, radio, pub et web médias conservées par l'ina), logiciels d’autoformation (bureautique, code de la route, langues, soutien scolaire, solfège... );libre;;pour tous;;gratuit;ordinateurs équipés d’accès Internet et de logiciels bureautiques, postes de consultation spécifiques à l'Ina photocopieurs, imprimante, Wifi;12h00-19h00;12h00-19h00;10h00-19h00;12h00-19h00;12h00-19h00;10h00-18h00;;;24 quai de la Fosse;44000;Nantes;02 40 41 95 95;;bm-centre@mairie-nantes.fr;https://bm.nantes.fr/home.html;Tramway L1 (arrêt Médiathèque);;47.21096,-1.561802
Alis44;"L’association ALIS 44 récupère des ordinateurs, les reconditionne sous linux Xubuntu (Xalis) et logiciels libres, puis les redistribue aux personnes à faibles ressources et aux associations. Dans sa démarche de lutte contre l’exclusion en favorisant l’accès aux technologies, l’association propose également des ateliers  ""Prise en Main""  qui ont pour but de vous faire accéder rapidement aux bases informatiques : manipuler l’ordinateur, les fichiers et le système d’exploitation Linux, utiliser Internet, retoucher des photos sont autant de thèmes abordés.";- Accéder à Internet- Être accompagné dans mes démarches administratives - Être initié aux outils informatiques- Pratiquer une activité ludique et éducative;"- Assistance et conseil sur place - Ateliers : Prise en main d'un ordinateur (clavier, souris) ; gérer les fichiers ; Navigation Internet ; Bureautique (Libre Office) ; Gérer Linux ; Initiation aux réseaux et adressages IP ; Musique assistée par ordinateur ; Dessin assisté par ordinateur ; Montage vidéo ; Rajeunir son ordinateur ; alphabétisation numérique ; soutien aux e-démarches.";sur inscription;;pour tous;;payant (adhésion annuelle : de 31 à 90€) + prix des ateliers;ordinateurs équipés d’accès Internet et de logiciels bureautiques, Wifi;9h00-12h00 / 14h00-18h00;9h00-12h00 / 14h00-18h00;9h00-12h00 / 14h00-18h00;10h00-12h00 / 14h00-18h00;9h00-12h00 / 14h00-18h00;;;;60 rue de la Bottière;44300;Nantes;09 51 11 21 45;;alis-asso@alis44.org;http://alis44.org/;L11 (arrêt Lippman);;47.23915,-1.519944
Stereolux;Les ateliers menés par l'Action Culturelle de Stéréolux sont une expérience forte et ludique, pour petits et grands, où chacun se fait acteur et créateur : une récréation digitale et numérique, propice à la découverte et aux échanges. Les différentes actions sont destinées à un large panel de publics, de la petite enfance aux seniors,  avec la volonté de s'adresser au plus grand nombre – quels que soit les moyens financiers, les disponibilités et les aptitudes de chacun –, dans le souci constant du vivre ensemble et du décloisonnement générationnel. Les ateliers et autres activités développés promeuvent des pratiques créatives et diversifiées autour du multimédia et de nouvelles disciplines, parfois méconnues.;- Être initié aux outils numériques- Pratiquer une activité ludique et éducative;- Ateliers : Robotique, light painting, Autoportrait 3D- Thé numérique pour les séniors;sur inscription;;pour tous;;atelier payant (de 31 à 90€);Ordinateurs équipés d’accès Internet et de logiciels (montage vidéo, code créatif – processing, montage son) Wifi;;;;;;;;Horaires variables en fonction des ateliers;4 boulevard Léon Bureau;44200;Nantes;02 51 80 60 80;;melanie.legrand@stereolux.org;https://www.stereolux.org/;Tramway L1 (arrêt Chantiers Navals) / Chronobus C5 (arrêt Prairie au Duc) /  bus de nuit : Circuit B: (arrêt Prairie au Duc);;47.206011,-1.563948
LAB'J - Efferv&sciences;L’Accoord a pour objectif de développer l’action éducative, sociale et culturelle pendant le temps libre à Nantes. L’association propose une offre de services autour de l'animation sociale, le développement culturel et les loisirs socio-éducatifs. Sur le numérique, le centre socioculturel  Accoord Lab'J axe son offre sur la programmation, les activités éducatives et ludiques, l’impression 3D et la robotique.;Pratiquer une activité ludique et éducative;- Assistance et conseil sur place- Ateliers  : programmation et robotique;sur inscription;;pour les jeunes de 9 à 15 ans;;payant (adhésion annuelle : de 0 à 15€);ordinateurs équipés d’accès Internet et de logiciels bureautiques, scanner, photocopieur, imprimantes 3D, robots Thymio et Mbot, kit Makey Makey, modules Arduino, Wifi;;;14h00-17h00;;;;;;Espace animation Beaulieu – 2 rue Marc Vaubourgoin;44200;Nantes;02 51 72 39 82;;efferv-sciences@accoord.fr;https://www.facebook.com/effervsciences/?fref=ts;Chronobus C5 et L26  (arrêt Pompidou);;47.208167,-1.527055
L’EclectiC Leo Lagrange;L'EclectiC Léo Lagrange est une pépinière d'initiatives jeunesse (16-25 ans) situé dans le quartier Nord de Nantes (maison de quartier La Mano). C’est un lieu d’accueil, d’information, d’orientation et d’accompagnement de toutes les initiatives et projets de jeunes (individuels ou collectifs), dans les domaines de la culture, du sport, des arts, de l’insertion ou encore de la mobilité (locale, internationale). La pépinière est également un lieu d’animation notamment à travers ces « RDV de L’EclectiC » (cafés citoyens, sorties culturelles…) autant de moment d’échanges, de débats, de rencontres et de découvertes dans une ambiance conviviale.;- Accéder à Internet- Être accompagné dans mes démarches administratives- Pratiquer une activité ludique et éducative- Être  accompagné dans mon projet personnel ou professionnel;Assistance et conseil sur place;sur inscription;;pour les jeunes de 16 à 25 ans;;gratuit;ordinateurs équipés d’accès Internet, de logiciels bureautiques, de logiciels de graphisme, montage vidéo et de retouches photos, Wifi;;10h00-18h00;10h00-18h00;10h00-18h00;10h00-18h00;10h00-18h00;;;Maison de quartier La Mano (2ème étage) – 3 rue Eugène Thomas;44300;Nantes;02 40 40 91 18;;contact@eclectic-leolagrange.org;https://www.facebook.com/leclectic.leolagrange/;Tramway L2 (arrêt Chêne des Anglais);;47.263017,-1.57286
APO-33;Apo33 est un laboratoire artistique, technologique et théorique transdisciplinaire qui développe des projets collectifs alliant recherche, expérimentation et intervention dans l’espace social. S’inscrivant dans la continuité des dynamiques ouvertes par le mouvement des logiciels libres, Apo33 se construit comme un espace modulaire initiant des projets et processus de création collaboratifs et représente les formes émergentes de création et d’expérimentation artistiques et culturelles liées aux arts sonores et multimédia.;Pratiquer une activité ludique et éducative;- Assistance et conseil sur place- Ateliers : Musique électronique et création numérique sonore;sur inscription;;pour tous;;atelier payant (de 31 à 90€);Ordinateurs : systéme informatique pour la création numérique – Apo33, imprimante 3D, caméra, enregistreur sonore, système amplification, vidéoprojecteur, station montage électronique, Fablab, bricolage, arduino, raspberry pi, Wifi;10h00-17h00;10h00-17h00;10h00-17h00;10h00-17h00;10h00-17h00;;;;17 rue Paul Bellamy;44000;Nantes;02 51 89 47 16;;orga@apo33.org;http://apo33.org/index.php/fr/;Tramway L1 (arrêt 50 otages) / Chronobus C2 – L12 et L23 (arrêt Talensac);;47.221887,-1.556405
Centre Socioculturel Accoord - Perray-Haluchère;L’Accoord a pour objectif de développer l’action éducative, sociale et culturelle pendant le temps libre à Nantes. L’association propose une offre de services autour de l'animation sociale, le développement culturel et les loisirs socio-éducatifs. Des espaces multimédias sont ouverts pour découvrir, utiliser et être aidé dans la pratique du multimédia. Des formations et des ateliers y sont également proposés régulièrement.;- Accéder à Internet- Pratiquer une activité ludique et éducative;- Assistance et conseil sur place- Ateliers  : la production de vidéos, de jeux vidéo, réparation bureautique- Cours selon la demande (montage photo, messagerie, Internet, …)- Fab Lab (atelier de création) animé par Efferv&sciences : Imprimante 3D, programmation, borne Arcade;sur inscription;;pour tous;;payant (adhésion annuelle : de 0 à 15€);ordinateurs équipés d’accès Internet et de logiciels bureautiques, imprimante, scanner, Wifi;;;14h00-17h30;;16h00-18h00;14h00-17h00;;;1 rue Jules Grandjouan;44300;Nantes;02 40 49 74 69;;perray@accoord.fr;http://cscperray.blogspot.fr/;L11 - L12 (arrêt Perray);;47.247549,-1.512745
Centre Socioculturel Accoord - Port Boyer;L’Accoord a pour objectif de développer l’action éducative, sociale et culturelle pendant le temps libre à Nantes. L’association propose une offre de services autour de l'animation sociale, le développement culturel et les loisirs socio-éducatifs. Des espaces multimédias sont ouverts pour découvrir, utiliser et être aidé dans la pratique du multimédia. Des formations et des ateliers y sont également proposés régulièrement.;- Être initié aux outils numériques;- Ateliers  organisés par Alis44 :prise en main du matériel, navigation web, création-gestion de boite mail, traitement de texte, information autour des logiciels libres- Cours d’informatique organisés par l’Amicale laïque de Port-Boyer;sur inscription;;public;pour les adultes et particulièrement, pour les personnes en situation de précarité et pour les habitants du quartier;payant (adhésion annuelle : de 0 à 15€);ordinateurs équipés d’accès Internet et de logiciels bureautiques,;;;;17h30-19h30;;;;;7 rue de Pornichet;44300;Nantes;02 40 49 21 81;;port-boyer@accoord.fr;https://www.accoord.fr/http://port-boyer.blogspot.fr/;L23 (arrêt Pouliguen);;47.240123,-1.542848
Centre Socioculturel Accoord - Île De Nantes;L’Accoord a pour objectif de développer l’action éducative, sociale et culturelle pendant le temps libre à Nantes. L’association propose une offre de services autour de l'animation sociale, le développement culturel et les loisirs socio-éducatifs. Des espaces multimédias sont ouverts pour découvrir, utiliser et être aidé dans la pratique du multimédia. Sur le numérique, le centre socioculturel Île de Nantes axe son offre sur la programmation, les activités éducatives et ludiques, l’impression 3D et la robotique.;- Accéder à Internet- Être initié aux outils numériques- Être sensibilisé aux risques d'Internet- Être accompagné dans son projet personnel ou professionnel- Pratiquer une activité ludique et éducative;- Assistance et conseil sur place- Ateliers : Internet, la bureautique, le montage vidéo, la photo numérique, l’initiation de Windows 10, l’utilisation de tablettes et smartphones, la création de blog, les réseaux sociaux, la protection de son ordinateur, la gestion du courrier électronique, les outils Google, la maintenance de l’ordinateur…;sur inscription;;pour tous;;payant (adhésion annuelle : de 0 à 15€);ordinateurs équipés d’accès Internet et de logiciels bureautiques, imprimantes, scanner, Wifi;14h00-18h00;9h15-11h15 / 14h00-18h00 / 19h00-21h00;10h00-12h00 / 14h00-18h00;9h00-13h00 / 14h00-17h30;9h15-12h15 / 14h00-16h00;;;;2 rue Conan Mériadec;44200;Nantes;02 44 76 32 24;;ile@accoord.fr;https://www.accoord.fr/https://www.facebook.com/MQ-de-l%C3%8Ele-300588676773498/;Tramway L2 - L3 (arrêt Vincent Gâche) / Chronobus C5 (arrêt Nizan);Label  NetPublic;47.206454,-1.55057
Médiathèque Floresca Guépin;Ouvertes à tous, les médiathèques municipales sont présentes dans les différents quartiers de la Ville de Nantes. Elles proposent un large catalogue de documents (livres, CD, DVD, BD, …) accessibles en ligne ainsi que de ordinateurs pour la consultation d'Internet et/ou des logiciels de bureautique. Certaines médiathèques proposent également des ateliers d’initiation au numérique et la lecture numérique pour les malvoyants.;- Accéder à Internet - Être initié aux outils numériques;- Assistance et conseil sur place- Ateliers : créer et gérer son compte Facebook, Victor Reader et Vocal Presse (lecture numérique pour malvoyants);libre;;pour tous;;gratuit;ordinateurs équipés d’accès Internet et de logiciels bureautiques (certains ordinateurs sont adaptés aux malvoyants), photocopieur, imprimante, Wifi;;13h30-19h00;10h30-18h00;13h30-18h00;13h30-18h00;10h00-17h00;;;15 rue de la Haluchère;44300;Nantes;02 40 93 41 60;;bm-est@mairie-nantes.fr;https://bm.nantes.fr/home.html;Tramway L1 (arrêt Souillarderie) - Chronobus C7 (arrêt Cousteau);;47.24076,-1.512784
Trempolino;Trempolino est une association, créée en 1990, dans le but d’accompagner, de développer et de promouvoir les musiques actuelles. Aujourd’hui Trempolino élargit son concept et devient un lieu culturel dont la vocation est artistique et aussi éducative, sociale et économique. Trempolino propose des programmes et des services pour tous les publics, les musiciens et les entrepreneurs. A ce titre, Trempolino contribue au développement de la filière musicale régionale et à l’émergence de nouvelles pratiques artistiques.;- Accéder à Internet- Pratiquer une activité ludique et éducative;- Assistance et conseil sur place- Stages : Musique assistée par ordinateur;libre;;pour tous;;accès Internet gratuit - stage payant (de 31 à 90€);ordinateurs équipés d’accès Internet et de logiciels bureautiques, Wifi;9h00-20h00;9h00-20h00;9h00-20h00;9h00-20h00;9h00-20h00;;;;6 boulevard Léon Bureau;44200;Nantes;02 40 46 66 33;;info@trempo.com;http://www.trempo.com/;Tramway L1 (arrêt Chantiers Navals) / Chronobus C5 (arrêt Prairie au Duc);;47.20526,-1.563189
La Bagagerie - Saint Jacques (Association Saint Benoît Labre);L’association Saint Benoît Labre lutte contre l’exclusion des personnes en difficultés sociales et professionnelles et vient en aide aux personnes et familles en précarité. Dans ce cadre, l’association met à disposition des usagers de l’association des espaces informatiques dans ses centres d’hébergement. Ces lieux d’activité informatique permettent de s’initier à l’informatique, d’utiliser Internet, de créer un CV, d’échanger avec ses proches par mail, de se détendre, de se cultiver et de se former à la bureautique.;- Accéder à Internet- Être initié aux outils informatiques- Être accompagné dans mon projet personnel ou professionnel;;Adhérents et résidents à la Bagagerie;;personnes en situation de précarité;;gratuit;ordinateurs équipés d’accès Internet et de logiciels bureautiques, Wifi;24h/24h;24h/24h;24h/24h;24h/24h;24h/24h;;;;7 rue Frère Louis;44200;Nantes;;;;http://asbl44.com/;Tramway L2 L3 (arrêt Pirmil) / L42 (arrêt Saint Jacques);;47.195534,-1.538346
UFUT44;Une Famille Un Toit 44 a pour objet principal de participer à la lutte contre l’exclusion, avec le concours des divers acteurs concernés, par une action sociale et humanitaire favorisant l’insertion par le logement, l’emploi et l’accès à la citoyenneté des personnes et des familles en difficultés. Depuis 2015, l’association développe le projet J’apprends le français et organise des stages de français visant l’accès à l’emploi et  l’accès à l’outil numérique pour une meilleure insertion en France des personnes ne parlant pas le français.;- Accéder à Internet- Être accompagné dans ses démarches administratives- Être initié aux outils informatiques- Être accompagné dans mon projet professionnel- Être sensibilisé aux risques d’Internet,- Pratiquer une activité ludique et éducative.;permanence connectée et stages de français numérique (découverte de l’ordinateur, création et gestion boîte mail, recherche emploi et logement sur Internet, création de document (CV), outils de rédaction et de traduction, utilisation d’une clé USB);sur inscription;;personnes en situation de précarité ne parlant pas le français;;gratuit;ordinateurs portables, imprimante, scanner, vidéoprojecteur, enceintes, clés USB;13h30-17h00;9h00-12h30 / 13h30-17h00;;;;;;;Maison de quartier de la Bottière, 147 route de Sainte-Luce,;44300;Nantes;09 72 31 44 13;;contact@unefamilleuntoit44.org;http://www.unefamilleuntoit44.org;Tramway 1 arrêt Souillarderie, Bus ligne 11 arrêt Bois Robillard;;47.235883,-1.518898
Fragil;Média culturel et social produit dans la métropole nantaise dans le style Do It Yourself à l’origine , Fragil accompagne également aujourd’hui des projets d’éducation aux médias et aux pratiques numériques à dimension régionale.Débutant ou aguerri, étudiant ou actif, Fragil propose un espace convivial et ouvert à tous, afin de développer des projets grâce à un collectif de bénévoles et de professionnels.;- Être initié aux outils numériques- Être accompagné dans son projet personnel ou professionnel- Pratiquer une activité ludique et éducative- Être sensibilisé aux risques d'Internet;- Assistance et conseil sur place- atelier : la maîtrise de son empreinte numérique, l’utilisation des réseaux sociaux , la recherche d'emploi sur le web , le décryptage de la culture numérique, la photo, la réalisation de capsules sonores ou vidéo, l’utilisation de son smartphone en reportage;sur inscription;;pour tous;à partir de 18 ans;payant (adhésion annuelle : de 31 à 90€ - tarif selon statut);ordinateurs équipés d’accès Internet, de logiciels bureautiques et de logiciels de graphisme, matériel de reportage (appareil photo, enregistreur, …);;;;;;;;Horaires variables en fonction des ateliers;La Fabrique Dervallières - 19 rue Jean Marc Nattier;44100;Nantes;02 40 86 37 03;;educationauxmedias@fragil.org;http://www.fragil.org/;Chronobus C3 (arrêt Delacroix);;47.225014,-1.591085
CPAM Beaulieu;La Caisse Primaire d’Assurance Maladie a aménagé des espaces libre-service dans ses points d'accueil pour permettre d'effectuer soi-même ses démarches les plus courantes. Animés par les agents d'accueil, ces espaces offrent la possibilité de mettre à jour sa carte Vitale, commander une Carte Européenne d'Assurance Maladie, imprimer ses attestations de droits ou de paiement d'indemnités journalières en utilisant les outils en libre-accès (borne multi-services ou ordinateur avec accès internet) reliés à une imprimante. Pour les dossiers complexes nécessitant une étude approfondie ainsi que pour les dossiers CMU ressources, un rendez-vous est proposé.;- Accéder à Internet- Être accompagné dans mes démarches administratives;Assistance et conseil sur place;libre;;pour tous;;gratuit;"Borne multi-services située à l'extérieur accessible 24h/24 et 7j/7 ; Ordinateur en libre-service avec accès Internet aux sites ameli.fr, caf.fr, pole-emploi.fr et carsat.fr, imprimante";8h30-12h15 / 13h30-17h00;8h30-12h15 / 13h30-17h00;8h30-12h15 / 13h30-17h00;8h30-12h15 / 13h30-17h00;8h30-12h15 / 13h30-17h00;;;;9 rue Gaëtan Rondeau;44200;Nantes;3646.0;;;http://www.ameli.fr/;Chronobus C5 (arrêt Conservatoire);;47.206557,-1.534359
Marie et Alphonse;L’atelier marie et alphonse, c’est une équipe de professionnels de l'image et du son qui a uni ses compétences au service de l’expérimentation des formes et des tendances. Le collectif a à coeur de favoriser le numérique dans ses projets, initier et encourager le jeune public dans ses pratiques et faciliter l'expression participative locale par le biais de le vidéo et du web.;- Pratiquer une activité ludique et éducative;Ateliers : vidéo, montage;sur inscription;;pour les jeunes de 10 à 14 ans;;payant (adhésion annuelle : de 31 à 90€) + prix des atelier;ordinateurs, caméra, stations de montage;;;;;;;;Horaires variables en fonction des atelier;Pole associatif des Hauts-Pavés - 42 Rue des Hauts Pavés;44000;Nantes;06 07 96 54 50;;info@letoilerie.comVirginie.lefebvre@marie-et-alphonse.com.;http://www.letoilerie.com/http://marie-et-alphonse.com/;L3 (arrêt Poitou);;47.224319,-1.564698
ID Numéric;Dans un esprit de partage et grâce à l'utilisation de méthodes pédagogiques actives, l'association ID Numéric favorise l'autonomie numérique dans tous les champs de la vie quotidienne. Le collectif propose des interventions (ateliers et formations) individuelles ou en petits groupes, en réponse aux attentes des habitants, des associations et de toutes personnes en besoin d’accompagnement.;- Accéder à l'Internet- Être initié aux outils numériques- Être accompagné dans mes démarches administratives- Être accompagné dans son projet personnel ou professionnel- Être sensibilisé aux risques d'Internet- Pratiquer une activité ludique et éducative;- Assistance et conseil sur place- Ateliers : alphabétisation numérique, être initié à l'ordinateur et aux outils bureautique, apprendre à taper du texte, écrire un courrier. Découvrir et connaître les bases du tableur. Accès  « internet  accompagné », aide et soutien dans les recherches et collectes d’informations ( vie quotidienne, accès au droit, accès à l'emploi, formation, ldémarches administratives, accès aux ressources locales …). Mails, création gestion et  aide à la rédaction de courrier types mails. Réseaux sociaux (prévention, accompagnement). Expéditions numériques », expérimenter la photo numérique sur différents supports (tablette, téléphone, appareil photo numérique) en partant à la découverte de Nantes et ses environs.- Ateliers périscolaires :  pratiques éducatives, ludiques et créatives des outils et usages numériques;libre, information  tous les 1er lundis du mois  (hors vacances scolaires) et les jeudis matins de 10h à 12h ou par téléphone;;pour tous;grands débutants;Adhésion, cotisation annuelle : de 0 à 15€. Ateliers tarifs adaptés en fonction des revenus (demandeur d'emploi, faible revenu). Formations professionnelles (études des besoins, salariés associations, demandeurs d'emplois).;salle numérique équipée d'ordinateurs, logiciels libres bureautiques, accès Internet (connexion Wifi). Matériels en prêts;;;;;;;;Libre, information  tous les 1er lundis du mois  (hors vacances scolaires) et les jeudis matins de 10h à 12h ou par téléphone;Maison des habitants et du citoyen - 1 place des Lauriers;44100;Nantes;07 51 67 30 75;;idnumeric.asso@gmail,com;http://www.idnumeric.fr/;Tramway L1 (arrêt Lauriers);;47.204709,-1.605251
Bibliothèque de la Manufacture;Ouvertes à tous, les bibliothèques municipales sont présentes dans les différents quartiers de la Ville de Nantes. Elles proposent un large catalogue de documents accessibles en ligne ainsi que des ordinateurs pour la consultation d'Internet dont certains disposent également de logiciels de bureautique.;Accéder à Internet;Assistance et conseil sur place;libre;;pour tous;;gratuit;ordinateurs équipés d’accès Internet et de logiciels bureautiques, photocopieur, imprimante, Wifi;;13h30-18h00;10h30-12h00 / 13h30-18h00;13h30-18h00;13h30-19h00;10h00-12h00 / 13h30-17h00;;;6 cour Jules Durand;44000;Nantes;02 40 41 95 65;;bm-est@mairie-nantes.fr;https://bm.nantes.fr;Tramway L1 et L12 (arrêt Manufacture);;47.219841,-1.536477
Plateforme Intermédia;La Plateforme Intermédia est une proposition artistique et culturelle d’APO33 à la Fabrique île de Nantes. L’objectif de ce lieu est de mettre en avant les modes de pratique actuelle, contemporaine croisant art, musique, technologie, philosophie, social et les liens qui existent entre ces disciplines. Avec la plateforme intermédia, APO33 créé un espace qui permet de rendre visible les genres de la création “intermédia”, d’inviter le grand public à découvrir des projets qui reflètent les innovations du quotidien et leurs importances dans la transformation de notre société.;Pratiquer une activité ludique et éducative;- Assistance et conseil sur place- Ateliers : Musique électronique et création numérique sonore;sur inscription;;pour tous;;atelier payant (de 31 à 90€);systéme informatique pour la création numérique – Apo33, imprimante 3D, caméra, enregistreur sonore, système amplification, vidéoprojecteur, station montage électronique, Fablab, bricolage, arduino, raspberry pi, Wifi;;;;;;;;Horaires variables en fonction des atelier;4 boulevard Léon Bureau;44200;Nantes;02 51 89 47 16;;orga@apo33.org;http://apo33.org/index.php/fr/;Tramway L1 (arrêt Chantiers Navals);;47.206011,-1.563948
FAImaison;"FAImaison promeut le développement d'un internet respectueux des droits et libertés et est à ce titre fournisseur d'accès à Internet (FAI). Le respect des droits sur internet étant conditionné par de nombreuses caractéristiques techniques (réseau, matériel, logiciels), l'association encourage sa réappropriation citoyenne à travers : la défense de la neutralité du réseau, indispensable à la liberté d'expression et à la vie privée ; la décentralisation humaine et technique pour réduire la contrôlabilité et démocratiser le savoir et l'accès au réseau ; le placement de l'utilisateur comme administrateur éclairé du réseau ; la promotion du logiciel libre pour que l'utilisateur ne soit pas captif d'une technologie.";- Accéder à Internet- Être sensibilisé aux risques d'Internet;- Assistance et conseil sur place- Ateliers et temps d’échange : fabrication d'accès à Internet, neutralité du réseau, protection de la vie privée.;- libre;;pour tous;;gratuit;Wifi;;;;19h00-22h00;;;;;Local associatif autogéré B17 - 17 rue Paul Bellamy -;44000;Nantes;07 82 32 42 38;;contact@faimaison.net;https://www.faimaison.net/;Chronobus C1 (arrêt Bel Air);;47.221887,-1.556405
Centre Socioculturel Accoord - Malakoff Pré Gauchet;L’Accoord a pour objectif de développer l’action éducative, sociale et culturelle pendant le temps libre à Nantes. L’association propose une offre de services autour de l'animation sociale, le développement culturel et les loisirs socio-éducatifs. Des espaces multimédias sont ouverts pour découvrir, utiliser et être aidé dans la pratique du multimédia. Le centre socioculturel Accoord Malakoff Pré Gauchet propose également un accompagnement à l’appropriation des usages numériques pour des projets personnels et professionnels.;- Accéder à Internet- Être initié aux outils numériques- Être sensibilisé aux risques d'Internet- Être accompagné dans mes démarches administratives- Pratiquer une activité ludique et éducative;- Assistance et conseil sur place- Ateliers : la découverte informatique et multimédia, Internet, la bureautique, la vidéo, la photo, les  jeux en réseau, la vidéo conférence, l’accompagnement de projets (création blog) et le dépannage.;sur inscription;;pour tous;;payant (adhésion annuelle : de 0 à 15€);ordinateurs équipés d’accès Internet, de logiciels bureautiques, de logiciel de retouche d'images et de logiciels de jeux, imprimante;10h00-12h00 / 16h30-18h00;16h30-18h00;10h00-12h00 / 14h00-16h30;16h30-18h00;;;;;1 bis boulevard de Berlin;44000;Nantes;02 40 47 70 53;;cyberaccoordmalakoff@gmail.com;http://csc-malakoff.blogspot.fr/;Chronobus C3 – C5 (arrêt Haubans);Label  NetPublic;47.213809,-1.529764
Centre Communal d'Action Social (CCAS);Rendre le numérique accessible à tous, notamment aux personnes les plus fragiles, en situation de précarité sociale, constitue l’une des orientations du Centre communal d’action sociale (CCAS). Engagé dans l’accompagnement de celles et ceux qui ont besoin d'être guidés dans l’usage du numérique, il développe  des actions de médiation et des ateliers pour faciliter l’accès des Nantais fragilisés aux outils numériques.;- Accéder à Internet - Être initié aux outils informatiques- Être accompagné dans mes démarches administratives;- Assistance et conseil sur place (créer son compte de messagerie, e-demarches ...)- atelier hebdomadaire (mardi matin) animé par la fondation de l’entreprise Orange - Orange Solidarité : découverte de l’ordinateur, navigation Internet, messagerie, les bases du traitement de texte, accéder et sauvegarder ses documents- Animations (mardi après-midi de novembre à fin mai) par l’association Unis-Cité pour faire découvrir des sites utiles dans la vie quotidienne;libre;Présentation à l’accueil. Pour les ateliers : inscription à l’accueil.;pour tous;;gratuit;ordinateurs équipés d’accès Internet et de logiciels bureautiques, photocopieur, imprimante, scanner, Wifi;10h00-16h30;10h00-16h30;10h00-16h30;10h00-16h30;10h00-16h30;10h00-16h30;;;1 bis place Saint Similien;44000;Nantes;02 40 99 27 00;;;http://www.nantes.fr/ccas;Tramway L3 (arrêt Bretagne), Tramway L2 (arrêt 50 otages), Chronobus C2 et L12 (arrêt Cirque-Marais);;47.220014,-1.55843
Dclic;Géré par un collectif de 5 associations (L.I.R.E, CSF, ALD, Espaces Formation, les 2 Rives), le pôle informatique Dclic des Dervallières est le lieu labellisé Espace Régional Numérique, sur Nantes, pour découvrir les Technologies de l'Information et de la Communication et les rendre accessibles à tous.;- Accéder à Internet- Être initié aux outils numériques- Être sensibilisé aux risques d'Internet- Être accompagné dans mes démarches administratives- Pratiquer une activité ludique et éducative;- Assistance et conseil sur place- atelier : l’initiation à l'informatique, la création de support de communication, le montage vidéo, la musique assistée par ordinateur, la création de blogs ou de sites web.- atelier d’initiation individuel - Fab Lab (atelier de création);libre (sous condition d’adhésion);;pour tous;;payant (adhésion annuelle : de 31 à 90€ - tarif en fonction de l’âge);ordinateurs équipés d’accès Internet et de logiciels bureautiques, imprimantes, scanner, photocopieur, Wifi;;;16h00-18h00;;14h00-16h00;;;;Pôle associatif de la Palmeraie - 19 rue Auguste Renoir;44100;Nantes;02 40 43 79 47;;dclic.dervallieres@wanadoo.fr;;Chronobus C3 (arrêt Prière), C6 (arrêt St Laurent);Label  NetPublic;47.224053,-1.596408
Centre Socioculturel Accoord - Breil Malville;L’Accoord a pour objectif de développer l’action éducative, sociale et culturelle pendant le temps libre à Nantes. L’association propose une offre de services autour de l'animation sociale, le développement culturel et les loisirs socio-éducatifs. Des espaces multimédias sont ouverts pour découvrir, utiliser et être aidé dans la pratique du multimédia. Le centre socioculturel Accoord Breil Malville propose également un accompagnement à l’appropriation des usages numériques pour des projets personnels et professionnels.;- Accéder à Internet- Être initié aux outils numériques- Pratiquer une activité ludique et éducative;- Assistance et conseil sur place- Ateliers : Internet, la bureautique, les logiciels libres, la vidéo et la photo;sur inscription;;pour tous;;payant (adhésion annuelle : de 0 à 15€);ordinateurs équipés d’accès Internet et de logiciels bureautiques, imprimantes, scanner, Wifi;14h00-17h00;14h00-18h00;9h30-12h / 14h00-17h30;14h00-18h00;9h30-12h / 14h00-18h00;14h00-17h00;;;Maison de quartier du Breil – 52 rue du Breil;44100;Nantes;02 40 76 08 54;;cyber.breil@accoord.fr;https://www.accoord.fr/https://mqbreil.wordpress.com/;L54 (arrêt Petit Carcouët);;47.229525,-1.586315
Bibliothèque de la Halvêque;Ouvertes à tous, les bibliothèques municipales sont présentes dans les différents quartiers de la Ville de Nantes. Elles proposent un large catalogue de documents accessibles en ligne ainsi que des ordinateurs pour la consultation d'Internet dont certains disposent également de logiciels de bureautique.;Accéder à Internet;Assistance et conseil sur place;libre;;pour tous;;gratuit;ordinateurs équipés d’accès Internet et de logiciels bureautiques, photocopieur, imprimante.;;13h30-19h00;10h00-12h00 / 13h30-18h00;13h30-18h00;13h30-18h00;10h00-12h00 / 13h30-17h00;;;23 rue Léon Serpollet;44300;Nantes;02 40 41 53 47;;bm-nord@mairie-nantes.fr;https://bm.nantes.fr;Tramway L1 et L95 (arrêt Halvêque) - L77 (arrêt Malraux);;47.255569,-1.521628
ORPAN;Lieu d’accueil et d’information, l’ORPAN, l’association des seniors nantais est un acteur d’innovation et de structuration d’offres autour des besoins et des attentes des retraités et des personnes âgées. Dans le cadre de ses missions, l’association propose des ateliers d’initiation à l'informatique, à l’utilisation d’outils numériques et à la manipulation au matériel pour les usages du quotidien.;- Être initié aux outils numériques;- Assistance et conseil sur place à partir des applications numériques développées par l’association (inscription et paiement en ligne, création d’un compte utilisateur, création d’une page Facebook...)- Ateliers : initiation à l'informatique et à l’utilisation d’outils numériques, sensibilisation-manipulation au matériel (tablette, smartphone) dans les usages du quotidien;sur inscription;;seniors et retraités;;assistance et conseil gratuits - atelier payant;il est nécessaire de venir avec son propre équipement (smartphone, tablette, ordinateurs portables, etc.). Wifi sur place.;;;;;;;;Horaires variables en fonction des ateliers;6 place du Port Communeau;44000;Nantes;02 40 99 26 00;;contact@orpan.fr;https://www.orpan.fr/;Tram L1, Chronobus C2, L12 et L23  (arrêt 50 otages);;47.219968,-1.554694
La Bagagerie - Fouré (Association Saint Benoît Labre);L’association Saint Benoît Labre lutte contre l’exclusion des personnes en difficultés sociales et professionnelles et vient en aide aux personnes et familles en précarité. Dans ce cadre, l’association met à disposition des usagers de l’association des espaces informatiques dans ses centres d’hébergement. Ces lieux d’activité informatique permettent de s’initier à l’informatique, d’utiliser Internet, de créer un CV, d’échanger avec ses proches par mail, de se détendre, de se cultiver et de se former à la bureautique.;Accéder à Internet- Être initié aux outils informatiques- Être accompagné dans mon projet personnel ou professionnel;;Adhérents  à la Bagagerie;;personnes en situation de précarité;;gratuit;ordinateurs équipés d’accès Internet et de logiciels bureautiques,;14h00-16h00;14h00-16h00;14h00-16h00;14h00-16h00;14h00-16h00;;;;14 rue Fouré;44000;Nantes;;;;http://asbl44.com/;Busway L4 (arrêt Cité Internationale des Congrès);;47.213387,-1.546493
Centre Socioculturel Accoord - Bellevue Jamet - SPIJ;L’Accoord a pour objectif de développer l’action éducative, sociale et culturelle pendant le temps libre à Nantes. L’association propose une offre de services autour de l'animation sociale, le développement culturel et les loisirs socio-éducatifs.  Des espaces multimédias sont ouverts pour découvrir, utiliser et être aidé dans la pratique du multimédia. Des formations et des ateliers y sont également proposés régulièrement.;- Accéder à Internet- Être accompagné dans mon projet personnel ou professionnel;- Assistance et conseil sur place- Accompagnement à la demande pour la recherche d'emploi (CV, lettre de motivation, …);sur inscription;;pour les jeunes de 16 à 25 ans;;payant (adhésion annuelle : de 0 à 15€);Équipement & matériel : ordinateurs équipés d’accès Internet et de logiciels bureautiques, imprimante, scanner;14h00-18h00;16h00-19h00;14h00-18h00;16h00-19h00;16h00-19h00;;;;25 rue du Jamet;44100;Nantes;02 40 46 83 35;;bellevue.spij@accoord.fr;https://www.accoord.fr/;Tramway L1 (arrêt Jamet);;47.207487,-1.605184
Regart's;Le but de l’association Regart's est d’offrir à tous les publics un appui pour leur vie quotidienne, leur estime de soi et leurs démarches de loisirs pour construire une société plus digne, plus juste et plus solidaire. Dans le cadre de ses missions, l’association propose des ateliers d’initiation à l'informatique pour les usages du quotidien.;- Être initié aux outils informatiques;- Assistance et conseil sur place- Ateliers : initiation à l'outil informatique;sur inscription;;pour tous;;payant (adhésion annuelle : de 31 à 90€) + prix des ateliers;ordinateurs équipés d’accès Internet et de logiciels bureautiques;;;;;9h30-11h00;;;;5 rue du Gers;44100;Nantes;02 40 85 63 27;;a.associationregarts@sfr.fr;http://www.associationregartsnantes.org/;Tramway L1 (arrêt Lauriers);;47.205029,-1.604768
Bibliothèque Chantenay;Ouvertes à tous, les bibliothèques municipales sont présentes dans les différents quartiers de la Ville de Nantes. Elles proposent un large catalogue de documents accessibles en ligne ainsi que des ordinateurs pour la consultation d'Internet dont certains disposent également de logiciels de bureautique.;Accéder à Internet;Assistance et conseil sur place;libre;;pour tous;;gratuit;ordinateurs équipés d’accès Internet et de logiciels bureautiques;;13h30-18h00;10h00-12h00 / 13h30-18h00;13h30-18h00;13h30-19h00;10h00-12h00 / 13h30-17h00;;;8 rue de la Constitution;44100;Nantes;02 40 46 26 96;;bm-ouest@mairie-nantes.fr;https://bm.nantes.fr;Tramway L1 (arrêt Égalité) - L10 (arrêt Mairie de Chantenay) - L11 (arrêt Marseillaise);;47.206046,-1.589223
Maison de l'emploi - Site Nantes Nord;La Maison de l'emploi de la métropole nantaise propose aux demandeurs d'emploi, aux salariés, aux entreprises et aux créateurs potentiels, l’accès à des cyberbases animées par des professionnels.  Des initiations à l'outil informatique sont organisées régulièrement pour vous aider dans votre recherche d'emploi : manipuler la souris et apprendre le clavier, prendre en main un ordinateur, réaliser son CV avec   un logiciel de traitement de texte, créer et gérer sa boîte e-mail, rechercher un emploi avec Internet...;- Accéder à Internet (pour la recherche d’emploi)- Être initié aux outils numériques;- Assistance et conseil sur place- Atelier d'initiation à l’outil informatique et ateliers liés à la recherche d'emploi.;libre;la recherche d'emploi, de formation et de création d'entreprise;pour tous;particulièrement les demandeurs d'emploi, les salariés et les créateurs d'entreprise;gratuit;ordinateurs avec accès Internet et bureautique, photocopieur, scanner, imprimante;;;;;;;;Horaires variables en fonction des ateliers;81 rue des Renards;44300;Nantes;02 40 59 98 43;;espace.nantes.nord@me-metropole-nantaise.org;http://www.me-metropole-nantaise.org/;Tramway L2 et L96 (arrêt Santos Dumont);Label  NetPublic;47.254779,-1.565662
Les Petits Débrouillards;Pour rendre visibles des concepts ou des notions parfois abstraits à tous les publics, et plus particulièrement des enfants et des jeunes, le mouvement des Petits Débrouillards favorise la découverte de toutes les sciences et technologies, à partir de l’expérimentation ludique et concrète. Avec pour objectif de donner à chacun et chacune accès aux technologies numériques au service de la citoyenneté et du savoir partagé.;Pratiquer une activité ludique et éducative;atelier à caractère scientifique;;;pour les enfants de 6 à 12 ans;;payant (adhésion annuelle : de 31 à 90€);;;;;;;;;Horaires et lieux variables en fonction des ateliers;19 rue Jean Marc Nattier;44100;Nantes;02 40 46 59 54;;j.hegic@lespetitsdebrouillards.org;https://www.lespetitsdebrouillards-paysdelaloire.org/;Chronobus C3 (arrêt Delacroix);;47.225014,-1.591085
Maison de l'emploi - Site Nantes Centre;La Maison de l'emploi de la métropole nantaise propose aux demandeurs d'emploi, aux salariés, aux entreprises et aux créateurs potentiels, l’accès à des cyberbases animées par des professionnels.  Des initiations à l'outil informatique sont organisées régulièrement pour vous aider dans votre recherche d'emploi : manipuler la souris et apprendre le clavier, prendre en main un ordinateur, réaliser son CV avec   un logiciel de traitement de texte, créer et gérer sa boîte e-mail, rechercher un emploi avec Internet…;- Accéder à Internet (pour la recherche d’emploi)- Être initié aux outils numériques;- Assistance et conseil sur place- Atelier d'initiation à l’outil informatique et ateliers liés à la recherche d'emploi.;libre;la recherche d'emploi, de formation et de création d'entreprise;pour tous;particulièrement les demandeurs d'emploi, les salariés et les créateurs d'entreprise;gratuit;ordinateurs avec accès Internet et bureautique, photocopieur, scanner, imprimante;8h30-12h30 / 15h30-16h30;8h30-12h30;8h30-12h30 / 15h30-16h30;13h30-16h30;8h30-12h30 / 15h30-16h30;;;;5 rue de l'Ile Mabon;44200;Nantes;02 40 69 36 36;;espace.centre@me-metropole-nantaise.org;http://www.me-metropole-nantaise.org/;Chronobus C5 (arrêt Gare de l'Etat) / L26 (arrêt République);Label  NetPublic;47.207532,-1.559309
Bibliothèque Breil Malville;Ouvertes à tous, les bibliothèques municipales sont présentes dans les différents quartiers de la Ville de Nantes. Elles proposent un large catalogue de documents accessibles en ligne ainsi que des ordinateurs pour la consultation d'Internet dont certains disposent également de logiciels de bureautique.;Accéder à Internet;Assistance et conseil sur place;libre;;pour tous;;gratuit;ordinateurs équipés d’accès Internet et de logiciels bureautiques, photocopieur.;;13h30-19h00;10h00-12h00 / 13h30-18h00;13H30-18h00;13h30-18h00;10h00-12h00 / 13h30-17h00;;;37 bis avenue des Plantes;44100;Nantes;02 40 76 06 56;;bm-ouest@mairie-nantes.fr;https://bm.nantes.fr;Tramway L3 (arrêt Longchamp);;47.232606,-1.587051
Maison de l'emploi - Site Bellevue;La Maison de l'emploi de la métropole nantaise propose aux demandeurs d'emploi, aux salariés, aux entreprises et aux créateurs potentiels, l’accès à des cyberbases animées par des professionnels.  Des initiations à l'outil informatique sont organisées régulièrement pour vous aider dans votre recherche d'emploi : manipuler la souris et apprendre le clavier, prendre en main un ordinateur, réaliser son CV avec   un logiciel de traitement de texte, créer et gérer sa boîte e-mail, rechercher un emploi avec Internet…;- Accéder à Internet (pour la recherche d’emploi)- Être initié aux outils numériques;- Assistance et conseil sur place- Atelier d'initiation à l’outil informatique et ateliers liés à la recherche d'emploi.;libre;;pour tous;particulièrement les demandeurs d'emploi, les salariés et les créateurs d'entreprise;gratuit;ordinateurs équipés d’accès Internet et de logiciels bureautiques, photocopieur, scanner, imprimante, appareil photo;8h30-12h30;11h00-12h30 / 13h30-16h30;11h00-12h30 / 13h30-16h30;13h30-16h30;8h30-12h30 / 13h30-16h30;;;;46 boulevard Jean Moulin;44100;Nantes;02 51 80 41 51;;espace.bellevue@me-metropole-nantaise.org;http://www.me-metropole-nantaise.org/;Tramway L1 et L11 (arrêt Jean Moulin);Label  NetPublic;47.205752,-1.601586
AGENCE CONSEIL FORMATION AFPA;L’Agence Conseil Formation AFPA est un accueil de proximité pour vous conseiller dans votre orientation et projet professionnel, pour vous aider à construire un parcours de formation et à identifier les solutions et les financements possibles. Un appui ponctuel à la recherche d’emploi est également possible (rédaction de CV, lettre de motivation, s’entraîner à un entretien). Cette agence est aussi un relai vers le centre de formation pour adultes situé à St Herblain où nous formons dans tous secteurs d’activités confondus : industrie, bâtiment et tertiaire.;-  Accéder à Internet-  Être accompagné dans mon projet personnel ou professionnel,;- Assistance et conseil sur place : oui - Atelier : oui  – les financements de formation, l’orientation professionnelle (offre de service en évolution);libre sur les horaires de permanences;possibilité également sur inscription en envoyant un e-mail ou en appelant;être âgé de 18 ans minimum;;gratuit;1 PC sur place disponible;;9h00-12h30 / 13h30-17h00;;;9h00-12h30;;;ouvert occasionnellement le vendredi après-midi, prendre contact au préalable;60, boulevard Winston Churchill;44100;Nantes;02 51 36 50 06;;bellevueconseilformation@afpa.fr;;Arrêt Mendès France Bellevue (tramway ligne 1 et bus n° 23, 40, 59, 81, 91).;;47.209193,-1.610732
Restaurant Pierre Landais;Le restaurant social Pierre Landais est un établissement municipal situé au cœur de l'île de Nantes Il permet de déjeuner, parler à un travailleur social, renouer du lien, trouver des ressources ou simplement se poser, participer aux activités et aux animations. Dans ce cadre, l’organisme propose des ateliers d’initiation à l'informatique et un accompagnement pour effectuer ses démarches administratives en ligne.;- Accéder à Internet- Être initié aux outils numériques- Être accompagné dans mes démarches administratives;- Assistance et conseil sur place- Ateliers : Initiation aux outils informatiques, accompagnement dans ses démarches administratifs;libre;;personnes isolées en situation de précarité;;gratuit;ordinateurs équipés d’accès Internet et de logiciels bureautiques, Wifi;12h00-17h00;12h00-17h00;12h00-17h00;12h00-17h00;12h00-17h00;12h00-17h00;;;16 rue Pierre Landais;44200;Nantes;02 40 47 12 61;;;https://www.nantes.fr/restaurant-pierre-landais;Chronobus C5 (arrêt Gare de l’État);;47.205498,-1.559233
Jeunesse Nantaise en Action;Accompagner, informer, orienter, soutenir les jeunes avec des parcours variés : étudiants, salariés, sans emplois de 15-30 ans dans leurs parcours citoyen aussi bien individuel que collectif.L'association assure le suivi de jeunes éloignés des structures institutionnelles et les accompagne.Nous informons, orientons les jeunes vers les partenaires adéquats au vu de leur recherches  insertion, mobilité, accès aux droits ...;- Accéder à Internet- Être accompagné dans mes démarches administratives- Être accompagné dans son projet personnel ou professionnel;Assistance et conseil sur place;libre;;pour les jeunes;de 15 à 30 ans;gratuit;ordinateurs équipés d’accès Internet et de logiciels bureautiques, photocopieur;18h00-22h00;;18h00-22h00;;18h00-22h00;;;;Maison des habitants et du citoyen - 1 place des Lauriers;44100;Nantes;06 62 39 71 91;;jeunesse.nantaise.en.action@outlook.fr;https://www.facebook.com/pages/JNA-Jeunesse-Nantaise-en-Action/509654235882982?pnref=lhc;Tramway L1 (arrêt Lauriers);;47.204709,-1.605251
CPAM Nantes Centre;La Caisse Primaire d’Assurance Maladie a aménagé des espaces libre-service dans ses points d'accueil pour permettre d'effectuer soi-même ses démarches les plus courantes. Animés par les agents d'accueil, ces espaces offrent la possibilité de mettre à jour sa carte Vitale, commander une Carte Européenne d'Assurance Maladie, imprimer ses attestations de droits ou de paiement d'indemnités journalières en utilisant les outils en libre-accès (borne multi-services ou ordinateur avec accès internet) reliés à une imprimante. Pour les dossiers complexes nécessitant une étude approfondie ainsi que pour les dossiers CMU ressources, un rendez-vous est proposé.;- Accéder à Internet- Être accompagné dans mes démarches administratives;Assistance et conseil sur place;libre;;pour tous;;gratuit;Borne multi-services et ordinateur en libre-service avec accès Internet aux sites ameli.fr, caf.fr, pole-emploi.fr et carsat.fr, imprimante;8h30-12h15 / 13h30-17h00;8h30-12h15 / 13h30-17h00;8h30-12h15 / 13h30-17h00;8h30-12h15 / 13h30-17h00;8h30-12h15 / 13h30-17h00;;;;1 rue du Président Édouard Herriot;44000;Nantes;3646.0;;;http://www.ameli.fr/;Tramway L1, Chronobus C1, C2, C6 (arrêt place du Cirque) / L3 (arrêt Bretagne);;47.218577,-1.560369
Informatique Club Nantais (ICN);"Ouvert à toutes et à tous dans un esprit de partage et de convivialité pour promouvoir les possibilités d'utilisation, d'application, de développement, autour des micro-ordinateurs ;de créer un lien permanent entre tous les utilisateurs.";- Être initié aux outils informatiques - Pratiquer une activité ludique et éducative;- Assistance et conseil sur place- Dépannage- Ateliers : vidéo -photo (tous types de matériels), découverte de l’informatique et d’Internet, classement et gestion de documents, évolution des systèmes informatiques, soutien collectif et/ou individuel.;libre;sous condition d’adhésion;pour tous;;payant (adhésion annuelle : de 31 à 90€);ordinateurs équipés d’accès Internet et de logiciels bureautiques, imprimante, scanners pour archivages de vos diapos, films Super 8, Wifi;;;9h00-12h00 (atelier photo-vidéo) / 20h30-22h30;;;;;;Pôle associatif Les Renards - 2 rue des Renards;44300;Nantes;;;icn.44@laposte.net;http://icn44.blog.free.fr/;Tramway L2  (arrêts Bourgeonnière et Boissière)  / L86 (arrêt Bourgeonnière), L96 (arrêt Boissière);;47.253586,-1.561721
Centre Régional Information Jeunesse des Pays de la Loire (CRIJ);Le Centre Régional Information Jeunesse des Pays de la Loire (CRIJ) est un lieu d’accueil à destination des jeunes, jusqu’à 32 ans. Il propose d’informer et d’accompagner sur différentes thématiques afin de permettre à chacun de trouver de l’aide dans ses projets personnels ou professionnels et met à disposition des ordinateurs et 1 tablette dédiés aux recherches d’information, à la réalisation de CV et lettre de motivation.;- Accéder à Internet- Être accompagné dans mon projet personnel ou professionnel;Assistance et conseil sur place;sur inscription;;pour les jeunes jusqu’à 32 ans;;gratuit;ordinateurs équipés d’accès Internet et de logiciels bureautiques, tablettes, imprimantes, Wifi;;14h00-17h00;14h00-17h00;;14h00-17h00;;;;37 rue Saint Léonard;44000;Nantes;02 51 72 94 50;;crij@infos-jeunes.fr;http://www.infos-jeunes.fr/https://www.facebook.com/infosjeunes;Tramway L2 et Chronobus C2 (arrêts 50 otages ou Place du Cirque), Chronobus C6 et C1 (arrêt Hôtel de Ville), L12 et L23 (arrêt 50 Otages);;47.218555,-1.555295
