CODE_LIEU,CODE_TYPE,REF,NOM,SIGLE,STRUCT_ACC,GEPN,CRANT,STATUT,N_VOIE,N_VOIE_COM,TYPE_VOIE,NOM_VOIE,COMPLEMENT,LIEU_DIT,DPT,REGION_1,PAYS,CP_NV,COMMUNE_NV,INSEE_NV,TEL,COURRIEL,WEB,VISIBLE
EPN 14046-22,EPN,14046-22,EPN - Bayeux-Argouges,,Espace Argouges,[14046] Mairie de Bayeux,CRANT de la Prairie Caen,en cours de labellisation,48,bis,rue,de Beauvais,,,Calvados,Normandie,France,14400,Bayeux,"14047",02 31 92 11 08,epn@mairie-bayeux.fr,https://www.bayeux.fr/fr/culture/espace-public-numerique,
EPN 14078-143,EPN,14078-143,EPN Cyberbase - Les motordus,,Médiathèque de Blainville-sur-Orne,[14078] Mairie de Blainville-sur-Orne,CRANT de la Prairie Caen,labellisé,5,,rue,du général Leclerc,Esplanade Colbert,,Calvados,Normandie,France,14550,Blainville-sur-Orne,"14076",02 31 06 02 06,mediatheque@blainville-sur-orne.fr,http://blainville.opac3d.fr,O
EPN 14011-26,EPN,14011-26,EPN - AMVD,,Association Mieux Vivre et Détente (AMVD),[14011] AMVD,CRANT de la Prairie Caen,labellisé,60,,place,Champlain,,,Calvados,Normandie,France,14000,Caen,"14118",02 31 93 10 80,epn@amvd.fr,http://www.amvd.fr,O
EPN 14007-9,EPN,14007-9,EPN - Bb du Centre Ville - Alexis de Tocqueville,BAT,Bibliothèque centrale de Caen,[14007] CU - Caen la Mer,CRANT de la Prairie Caen,labellisé,15,,quai,François Mitterand,,,Calvados,Normandie,France,14000,Caen,"14118",02 31 30 47 00,bibliotheque.caen@caenlamer.fr,http://bibliotheques.caenlamer.fr/caen-bibliotheque-alexis-de-tocqueville.aspx,O
EPN 14007-20,EPN,14007-20,EPN - Bb de la Grâce de Dieu - Point multimédia,,Bibliothèque de la Grâce de Dieu,[14007] CU - Caen la Mer,CRANT de la Prairie Caen,labellisé,8,,esplanade,André Malraux,,,Calvados,Normandie,France,14000,Caen,"14118",02 14 37 29 82,bibliotheque.gracededieu@agglo-caen.fr,http://bibliotheques.caenlamer.fr/caen-bibliotheque-grace-de-dieu-accueil.aspx,O
EPN 14007-19,EPN,14007-19,EPN - Bb Pierre Heuzé - Point multimédia,,Bibliothèque de la Pierre Heuzé,[14007] CU - Caen la Mer,CRANT de la Prairie Caen,labellisé,17,,place,Champlain,,,Calvados,Normandie,France,14000,Caen,"14118",02 14 37 29 81,bibliotheque.pierreheuze@agglo-caen.fr,http://bibliotheques.caenlamer.fr/caen-bibliotheque-pierre-heuze-accueil.aspx,O
EPN 14007-17,EPN,14007-17,EPN - Bb Chemin Vert - CyberEspace,,Bibliothèque du Chemin Vert,[14007] CU - Caen la Mer,CRANT de la Prairie Caen,labellisé,6,,rue,Jean Racine,,,Calvados,Normandie,France,14000,Caen,"14118",02 14 37 29 87,bibliotheque.cheminvert@agglo-caen.fr,http://bibliotheques.caenlamer.fr/default/caen-bibliotheque-chemin-vert-accueil.aspx,O
EPN 14082-184,EPN,14082-184,EPN - Centre d'animation CAF La Folie Couvrechef,,Centre d'animation La Folie Couvrechef,[14082] CAF du Calvados,CRANT de la Prairie Caen,labellisé,3,,rue,des Acadiens,,,Calvados,Normandie,France,14000,Caen,"14118",02 31 44 06 95,,https://www.caf.fr/allocataires/caf-du-calvados/points-d-accueil/centre-municipal-d-animation-caen-folie,
EPN 14016-31,EPN,14016-31,EPN - La Prairie,,Centre d'Animation La Prairie Caen,[14016] CA La Prairie - Caen,CRANT de la Prairie Caen,labellisé,11,,avenue,Albert Sorel,,,Calvados,Normandie,France,14000,Caen,"14118",02 31 85 25 16,julien.epnlaprairie@gmail.com,http://www.la-prairie.com/activite/informatique/,O
EPN 14017-30,EPN,14017-30,EPN - Tandem,Tandem,Centre d'Animation Tandem,[14017] Centre d'Animation Tandem,CRANT de la Prairie Caen,labellisé,8,,rue,Nicolas Oresme,,,Calvados,Normandie,France,14000,Caen,"14118",02 31 29 54 54,info@caentandem.com,http://www.caentandem.com,O
EPN 14082-149,EPN,14082-149,EPN - Centre socio-culturel du Chemin Vert,,Centre socio-culturel - Caen - Chemin Vert,[14082] CAF du Calvados,CRANT de la Prairie Caen,labellisé,17,,rue,Pierre Corneille,,,Calvados,Normandie,France,14000,Caen,"14118",02 31 73 19 69,,https://www.caf.fr/allocataires/caf-du-calvados/points-d-accueil/centre-socio-culturel-caen-chemin-vert,
EPN 14082-187,EPN,14082-187,EPN - Centre socio-culturel CAF de la Guérinière,,Centre socio-culturel CAF de la Guérinière,[14082] CAF du Calvados,CRANT de la Prairie Caen,labellisé,2,,boulevard,de l'Espérance,,,Calvados,Normandie,France,14000,Caen,"14118",02 31 52 59 00,,https://www.caf.fr/allocataires/caf-du-calvados/points-d-accueil/centre-socio-culturel-caen-gueriniere-0,
EPN 14082-185,EPN,14082-185,EPN - Centre socio-culturel CAF de la Pierre Heuzé,,Centre socio-culturel CAF de la Pierre Heuzé,[14082] CAF du Calvados,CRANT de la Prairie Caen,labellisé,49,,boulevard,Général Vanier,,,Calvados,Normandie,France,14000,Caen,"14118",02 31 93 41 45,,https://www.caf.fr/allocataires/caf-du-calvados/points-d-accueil/centre-socio-culturel-caen-pierre-heuze-0,
EPN 14082-186,EPN,14082-186,EPN - Centre socio-culturel CAF Grâce de Dieu,,Centre socio-culturel CAF Grâce de Dieu,[14082] CAF du Calvados,CRANT de la Prairie Caen,labellisé,0,,avenue,Père Charles de Foucauld,,,Calvados,Normandie,France,14000,Caen,"14118",02 31 82 34 69,,https://www.caf.fr/allocataires/caf-du-calvados/points-d-accueil/centre-socio-culturel-caen-grace-de-dieu,
EPN 14007-18,EPN,14007-18,EPN - Bb de La Guérinière - CyberEspace,,MJC de la Guérinière,[14007] CU - Caen la Mer,CRANT de la Prairie Caen,labellisé,10,,rue,des Bouviers,,,Calvados,Normandie,France,14000,Caen,"14118",02 14 37 29 83,bibliotheque.gueriniere@agglo-caen.fr,http://bibliotheques.caenlamer.fr/caen-bibliotheque-la-gueriniere-accueil.aspx,O
EPN 14001-173,EPN,14001-173,Médiathèque Intercommunale de La Cambe,,Médiathèque Intercommunale de La Cambe,[14001] ComCom  Isigny Omaha Intercom,CRANT de la Manche,antenne,0,,rue,Principale,derrière la Mairie,,Calvados,Normandie,France,14230,La Cambe,"14124",02 31 10 66 16,mediatheque.lacambe@ccigi.fr,http://www.isigny-grandcamp-intercom.fr/isigny_grandcamp_intercom/service_a_la_population/bibliotheque_intercommunale_de_la_cambe.html,
EPN 14080-145,EPN,14080-145,EPN - Anacrouses,,,[14080] Anacrouses,CRANT de la Prairie Caen,en cours de labellisation,45,,rue,Saint Martin,Place Saint-Clair,,Calvados,Normandie,France,14240,Caumont-sur-Aure,"14143",09 81 62 66 24,contact@anacrouses.fr,,
EPN 14073-205,EPN,14073-205,EPN - Médiathèque,Biblio'tech,Biblio'tech,[14073] Mairie de Deauville,CRANT de la Prairie Caen,labellisé,0,,cour,du Champ Colette,Espace Gustave Flaubert,,Calvados,Normandie,France,14800,Deauville,"14220",02 31 88 79 37,mediatheque@deauville.fr,http://www.deauvillebibliotech.fr,O
EPN 14048-32,EPN,14048-32,EPN - Médiathèque Jacques Prévert,,Médiathèque Jacques Prévert,[14048] Mairie de Dives sur Mer,CRANT de la Prairie Caen,labellisé,0,,rue,du Commandant Charcot,,,Calvados,Normandie,France,14160,Dives-sur-Mer,"14225",02 31 24 29 27,mediatheque@dives-sur-mer.fr,http://www.mediatheque-dives.fr/,O
EPN 14020-204,EPN,14020-204,EPN NCPA - site de Dozulé,,Ecole élémentaire de Dozulé Unité B,[14020] CC Normandie Cabourg Pays d?Auge,CRANT de la Prairie Caen,antenne,23,,,Grande rue,,,Calvados,Normandie,France,14430,Dozulé,"14229",07 87 77 10 85,epn@normandiecabourgpaysdauge.fr,http://www.epn.ncpa.fr,
EPN 14049-34,EPN,14049-34,EPN - Falaise,,,[14049] Mairie de Falaise,CRANT d'Argentan,labellisé,1,,rue,des Prémontrés,,,Calvados,Normandie,France,14700,Falaise,"14258",02 31 20 79 68,epn@falaise.fr,http://www.falaise.fr/a-tout-age/centre-socioculturel/espace-public-numerique/,O
EPN 14087-156,EPN,14087-156,EPN - Bibliothèque municipale,,Bibliothèque municipale Pauline ROLAND,[14087] Mairie de Fleury-sur-Orne,CRANT de la Prairie Caen,labellisé,20,,rue,François Mitterrand,,,Calvados,Normandie,France,14123,Fleury-sur-Orne,"14271",02 31 84 31 94,epn@fleurysurorne.fr,http://epn.fleurysurorne.fr,O
EPN 14020-35,EPN,14020-35,EPN NCPA - site de Gonneville en Auge,EPN NCPA,,[14020] CC Normandie Cabourg Pays d?Auge,CRANT de la Prairie Caen,labellisé,4,,rue,de la Mairie,,,Calvados,Normandie,France,14810,Gonneville-en-Auge,"14306",02 31 24 25 93,epn@normandiecabourgpaysdauge.fr,http://www.epn.ncpa.fr,O
EPN 14001-128,EPN,14001-128,Point Public Numérique,,Office du tourisme,[14001] ComCom  Isigny Omaha Intercom,CRANT de la Manche,antenne,26,,quai,Henri Crampond,,,Calvados,Normandie,France,14450,Grandcamp-Maisy,"14312",02 31 21 46 00,epn@isigny-omaha-intercom.fr,http://www.isigny-grandcamp-intercom.fr/office_de_tourisme_isigny_omaha/informations_pratiques/office_de_tourisme2.html,
EPN 14083-150,EPN,14083-150,EPN - Cyber-Base Médiathèque,,Médiathèque Jean-François Sarasin,[14083] Mairie d'Hermanville sur Mer,CRANT de la Prairie Caen,labellisé,144,,grande,rue,Médiathèque,,Calvados,Normandie,France,14880,Hermanville-sur-Mer,"14325",02 31 36 18 05,epn@hermanville-sur-mer.fr,https://www.hermanvillesurmer.fr/Salle-internet_a697.html,O
EPN 14007-37,EPN,14007-37,EPN - Bb d'Hérouville St Clair,,Bibliothèque d'Hérouville Saint-Clair,[14007] CU - Caen la Mer,CRANT de la Prairie Caen,labellisé,5,,square,du Théâtre,,,Calvados,Normandie,France,14200,Hérouville-Saint-Clair,"14327",02 14 37 28 60,bibliherouville@caenlamer.fr,http://bibliotheques.caenlamer.fr/Default/bibliotheque-herouville-saint-clair.aspx,O
EPN 14082-189,EPN,14082-189,EPN - Centre socio-culturel CAF Hérouville-Saint-Clair,,Centre socio-culturel CAF Hérouville-Saint-Clair,[14082] CAF du Calvados,CRANT de la Prairie Caen,labellisé,202,,boulevard,des Belles Portes,,,Calvados,Normandie,France,14200,Hérouville-Saint-Clair,"14327",02 31 95 83 00,,https://www.caf.fr/allocataires/caf-du-calvados/points-d-accueil/centre-socio-culturel-herouville-saint-clair-0,
EPN 14041-38,EPN,14041-38,EPN - Jeunes Séniors Familles,,Jeunes sans Frontières,[14041] Centre Socio-culturel Jeunes Séniors Familles,CRANT de la Prairie Caen,labellisé,0,,avenue,du Canteloup,Maison des Familles,,Calvados,Normandie,France,14600,Honfleur,"14333",02 31 49 49 00,jsfhonfleur@gmail.com,https://www.jsfhonfleur.fr/espace-public-num%C3%A9rique/,O
EPN 14020-229,EPN,14020-229,EPN NCPA - site d'Houlgate,,Centre Sportif de Normandie,[14020] CC Normandie Cabourg Pays d?Auge,CRANT de la Prairie Caen,antenne,0,,route,de la Vallée,,,Calvados,Normandie,France,15410,Houlgate,"14338",02 31 24 25 93,epn@normandiecabourgpaysdauge.fr,,
EPN 14001-1,EPN,14001-1,EPN - Isigny Omaha Intercom,EPN IOI,Maison des services - Isigny-sur-Mer,[14001] ComCom  Isigny Omaha Intercom,CRANT de la Manche,labellisé,16,,rue,Emile Demagny,,,Calvados,Normandie,France,14230,Isigny-sur-Mer,"14342",02 31 21 42 27,epn@isigny-omaha-intercom.fr,https://isigny-omaha-intercom.fr/vie-quotidienne/espace-public-numerique-epn/,O
EPN 14082-188,EPN,14082-188,EPN - Centre socio-culturel CAF de Lisieux,,Centre socio-culturel CAF de Lisieux,[14082] CAF du Calvados,CRANT de la Prairie Caen,antenne,0,,rue,de Taunton,,,Calvados,Normandie,France,14100,Lisieux,"14366",02 31 31 67 12,,https://www.caf.fr/allocataires/caf-du-calvados/points-d-accueil/centre-socio-culturel-lisieux,
EPN 14053-40,EPN,14053-40,EPN - Médiathèque André Malraux,,Médiathèque intercommunale André Malraux,[14053] Communauté d'agglomération Lisieux-Normandie,CRANT de la Prairie Caen,labellisé,0,,place,de la République,,,Calvados,Normandie,France,14100,Lisieux,"14366",02 31 48 41 00,mediatheque-lisieux@agglo-lisieux.fr,http://www.mediatheque-lisieux.fr,O
EPN 14001-228,EPN,14001-228,Médiathèque du Molay Littry,,Médiathèque intercommunale Renée Duval,[14001] ComCom  Isigny Omaha Intercom,CRANT de la Manche,antenne,0,,place,du Marché,,,Calvados,Normandie,France,14330,Le Molay-Littry,"14370",02 31 22 61 98,epn@isigny-omaha-intercom.fr,,
EPN 14038-42,EPN,14038-42,EPN - Médiathèque la Fabrique - Livarot,,Médiathèque la Fabrique - Agglo Lisieux-Normandie,[14038] ComCom du pays de Livarot,CRANT de la Prairie Caen,labellisé,20,,rue,Georges Leroy,,,Calvados,Normandie,France,14140,Livarot Pays-d'Auge,"14371",02 31 61 88 18,mediatheque-livarot@agglo-lisieux.fr,https://www.mediatheque-livarot.fr,O
EPN 14064-190,EPN,14064-190,EPN - Centre socio-culturel de Mondeville,,Centre socio-culturel de Mondeville,[14064] Ville de Mondeville,CRANT de la Prairie Caen,labellisé,0,,rue,du 19 mars 1962,Espace Pierre Letellier,,Calvados,Normandie,France,14120,Mondeville,"14437",02 31 84 20 72,csc@mondeville.fr,http://www.mondeville.fr/vivre_a_mondeville/solidarite2/centre_social_caf.html,O
EPN 14054-44,EPN,14054-44,EPN - Espace Culturel,,Le Foyer - Espace Culturel,[14054] Mairie de Moyaux,CRANT de la Prairie Caen,labellisé,0,,rue,Jean Monnet,Salle Multimédia,,Calvados,Normandie,France,14590,Moyaux,"14460",02 31 63 61 01,epn@moyaux.fr,http://www.moyaux.fr/Informatique_multimedia_moyaux.htm,O
EPN 14010-46,EPN,14010-46,EPN - Ouistreham,EPN,Centre Socio-culturel,[14010] Ville de Ouistreham Riva-Bella,CRANT de la Prairie Caen,labellisé,11,,rue,des Arts,,,Calvados,Normandie,France,14150,Ouistreham,"14488",02 31 25 51 60,mediationnumerique@ville-ouistreham.fr,https://fr-fr.facebook.com/centresocioculturelouistreham/,O
EPN 14055-47,EPN,14055-47,EPN de Pont l'Evêque,,,[14055] Mairie de Pont l'Evêque,CRANT de la Prairie Caen,labellisé,18,,rue,Thouret,,,Calvados,Normandie,France,14130,Pont-l'Évêque,"14514",02 31 64 94 49,epn@pontleveque.fr,http://www.pontleveque.fr/culture-sports-loisirs/espace-public-numerique/,O
EPN 14024-50,EPN,14024-50,EPN - Cingal Suisse Normande,,Maison des Services,[14024] Communauté de Communes Cingal Suisse Normande,CRANT de la Prairie Caen,labellisé,4,,rue,Docteur Gourdin,,Thury-Harcourt,Calvados,Normandie,France,14220,Le Hom,"14689",02 31 79 87 26,epn@cingal-suissenormande.fr,https://www.suisse-normande.com/nos-services/espace-public-numerique/,O
EPN 14082-206,EPN,14082-206,EPN - Centre socio-culturel CAF de Vire (mobile),,EPN - Centre socio-culturel CAF de Vire (mobile),[14082] CAF du Calvados,CRANT de la Prairie Caen,labellisé,0,,rue,Anne Morgan,,,Calvados,Normandie,France,14500,Vire Normandie,"14762",02 31 68 04 12,,https://www.caf.fr/allocataires/caf-du-calvados/points-d-accueil/centre-socio-culturel-vire,
EPN 50060-52,EPN,50060-52,EPN - Vire Normandie,,Médiathèque de Vire,[50060] Mairie de Vire Normandie,CRANT de la Prairie Caen,labellisé,16,,rue,Chênedollé,,Vire,Calvados,Normandie,France,14500,Vire Normandie,"14762",02 31 66 49 74,epn@virenormandie.fr,http://www.virenormandie.fr/vivre-au-quotidien/informations-pratiques/espace-public-numerique/,O
EPN 27103-217,EPN,27103-217,Antenne EPN Charleval - Mission Locale,,Mission Locale Louviers-Val de Reuil-Andelle,[27103] Mission Locale Louviers Val de Reuil Andelle,CRANT de Lillebonne,antenne,0,,rue,Martin Liesse,Zone d'activité La Vente Cartier,,Eure,Normandie,France,27380,Charleval,"27151",02 32 49 90 09,mission.locale@mlv2al.fr,http://www.mlv2al.fr/,
EPN 27105-179,EPN,27105-179,EPN - Espace Mailiso,Espace MAILISO,"Espace Mailiso, la Maison du Lien Social","[27105] Espace Mailiso, la Maison du Lien Social",CRANT de L'Aigle,labellisé,4,,rue,Sainte Foy,,,Eure,Normandie,France,27190,Conches-en-Ouche,"27165",02 32 30 23 15,contact@espacemailiso.net,http://www.espacemailiso.net,O
EPN 27102-207,EPN,27102-207,EPN - Labo-numérique,,Ludo-Médiathèque communautaire,[27102] Communauté de communes du Vexin Normand,CRANT de Lillebonne,labellisé,3,,rue,Maison de Vatimesnil,,,Eure,Normandie,France,27150,Étrépagny,"27226",02 32 27 91 54,mediatheque@ccvexin-normand.fr,http://mediatheques.cdc-vexin-normand.fr/,O
EPN 27106-210,EPN,27106-210,Bureau Information jeunesse d'Evreux,BIJ,BIJ Evreux,[27106] Ville d'Evreux,CRANT de L'Aigle,labellisé,1,,rue,Saint-Thomas,,,Eure,Normandie,France,27000,Évreux,"27229",02 32 31 98 17,bij@evreux.fr,http://www.evreux.fr/pages/grandira-evreux/jeunesse/bureau-information-jeunesse-644,O
EPN 27106-215,EPN,27106-215,EPN - Espace Jeunes / PIJ,,Espace Jeunes,[27106] Ville d'Evreux,CRANT de L'Aigle,en cours de labellisation,9,,rue,Victoria M'Xengé,,,Eure,Normandie,France,27000,Évreux,"27229",02 32 28 96 29,espacejeunes@evreux.fr,http://www.evreux.fr,
EPN 27103-216,EPN,27103-216,Antenne EPN Louviers - Mission Locale,,Mission Locale Louviers-Val de Reuil-Andelle,[27103] Mission Locale Louviers Val de Reuil Andelle,CRANT de Lillebonne,labellisé,5,,rue,Saint-Louis,2ème étage,,Eure,Normandie,France,27400,Louviers,"27375",02 32 25 06 72,mission.locale@mlv2al.fr,http://www.mlv2al.fr/,
EPN 27103-208,EPN,27103-208,EPN du Val de Reuil,,Mission locale Louviers Val de Reuil Andelle,[27103] Mission Locale Louviers Val de Reuil Andelle,CRANT de Lillebonne,labellisé,4,,rue,Septentrion,,,Eure,Normandie,France,27100,Val-de-Reuil,"27701",02 32 59 76 80,mission.locale@mlv2al.fr,http://www.mlv2al.fr,O
EPN 50025-54,EPN,50025-54,EPN de la Médiathèque d'Agneaux,,Médiathèque d'Agneaux,[50025] Saint-Lô Agglo,CRANT de la Manche,labellisé,0,,place,de Gouville,BP 39,,Manche,Normandie,France,50180,Agneaux,"50002",02 33 77 31 00,espacemultimedia@saint-lo-agglo.fr,http://www.saint-lo-agglo.fr/espace-public-numerique,O
EPN 50077-55,EPN,50077-55,EPN - Centre social l'esc'halles,,Centre social l'esc'halles,[50077] Communauté agglo Mont Saint-Michel  Normandie,CRANT de la Manche,labellisé,24,,place,du Marché,,,Manche,Normandie,France,50300,Avranches,"50025",02 33 79 39 40,epn.avranches@msm-normandie.fr,http://www.msm-normandie.fr/fr/culture/espaces-publics-numerique/489-espace-public-numerique-d-avranches,O
EPN 50077-56,EPN,50077-56,EPN - Barenton,EPN Lab,,[50077] Communauté agglo Mont Saint-Michel  Normandie,CRANT de la Manche,labellisé,46,,rue,du Presbytère,,,Manche,Normandie,France,50720,Barenton,"50029",02 33 91 82 49,arnaud.geffroy@msm-normandie.fr,https://www.sites.google.com/site/epncdcdelaselune/,O
EPN 50021-58,EPN,50021-58,EPN - Barneville Carteret,(antenne de Barneville-Carteret),,[50021] Commauté de communes Côte des Isles,CRANT de la Manche,labellisé,4,,rue,Gilbert Marot,,,Manche,Normandie,France,50270,Barneville-Carteret,"50031",02 33 53 35 62,xavier.evenard@lecotentin.fr,,O
EPN 50025-82,EPN,50025-82,EPN - La Barre de Sémilly,,Ecole de La Barre de Semilly,[50025] Saint-Lô Agglo,CRANT de la Manche,antenne,8,,rue,Hippolyte Gancel,,,Manche,Normandie,France,50810,La Barre-de-Semilly,"50032",02 33 57 48 13,espacemultimedia@saint-lo-agglo.fr,http://www.saint-lo-agglo.fr/espace-public-numerique,O
EPN 50072-135,EPN,50072-135,EPN - Centre multimédia de la Hague,,,[50072] Communauté de la Hague,CRANT de la Manche,labellisé,1,bis,place,de la Mairie,,Beaumont-Hague,Manche,Normandie,France,50440,La Hague,"50041",02 33 87 58 10,centremultimediabeaumont@gmail.com,http://cyberbase.lahague.com/,O
EPN 50031-63,EPN,50031-63,EPN - La Salle Numérique,,,[50031] Centre d'Animation Les Unelles,CRANT de la Manche,labellisé,7,,rue,des Juifs,,,Manche,Normandie,France,50210,Cerisy-la-Salle,"50111",02 33 76 63 30,jb.toumichan@gmail.com,https://www.centredanimationlesunelles.com/services/espace-public-num%C3%A9rique/,O
EPN 50059-105,EPN,50059-105,EPN - Bibliothèque Boris Vian,,Bibliothèque Boris Vian,[50059] Mairie de Tourlaville,CRANT de la Manche,labellisé,370,,rue,des Cols Verts,,,Manche,Normandie,France,50100,Cherbourg-en-Cotentin,"50129",02 33 88 04 62,bibliotheque.50110@cherbourg.fr,https://www.cherbourg.fr/infos-services/culture-et-loisirs/les-espaces-publics-numeriques-de-cherbourg-en-cotentin/l-espace-public-numerique-de-tourlaville/horaires-415.html,
EPN 50005-2,EPN,50005-2,EPN - Le Village Numérique,,Le Village Numérique,[50005] Mairie de Cherbourg-Octeville,CRANT de la Manche,labellisé,8,,rue,Victor Hugo,,Cherbourg-Octeville,Manche,Normandie,France,50130,Cherbourg-en-Cotentin,"50129",02 33 44 02 93,levillagenumerique@cherbourg.fr,https://www.cherbourg.fr/infos-services/culture-et-loisirs/les-espaces-publics-numeriques-de-cherbourg-en-cotentin/les-espaces-publics-numeriques-de-cherbourg-octeville/village-numerique/presentation-404.html,O
EPN 50005-73,EPN,50005-73,EPN - MJC La Brêche,M.J.C. La Brèche,Maison des Jeunes et de la Culture La Brèche,[50005] Mairie de Cherbourg-Octeville,CRANT de la Manche,labellisé,0,,rue,du Neufbourg,,Cherbourg-Octeville,Manche,Normandie,France,50100,Cherbourg-en-Cotentin,"50129",02 33 44 86 04,centre@mjc-cherbourg.fr,,O
EPN 50005-67,EPN,50005-67,EPN - Maison Flora Tristan,MFT,Maison Flora Tristan,[50005] Mairie de Cherbourg-Octeville,CRANT de la Manche,labellisé,33,,rue,de Bougainville,,Cherbourg-Octeville,Manche,Normandie,France,50130,Cherbourg-en-Cotentin,"50129",02 33 94 58 59,william.bouton@ville-cherbourg.fr,,O
EPN 50005-68,EPN,50005-68,EPN - Maison Françoise Giroud,,Maison Françoise Giroud,[50005] Mairie de Cherbourg-Octeville,CRANT de la Manche,labellisé,1,,rue,du Neufbourg,,,Manche,Normandie,France,50100,Cherbourg-en-Cotentin,"50129",02 33 44 54 44,maison.francoise-giroud@ville-cherbourg.fr,,O
EPN 50005-69,EPN,50005-69,EPN - Maison Olympe de Gouges,,Maison Olympe de Gouges,[50005] Mairie de Cherbourg-Octeville,CRANT de la Manche,labellisé,0,,rue,de l'Île de France,,,Manche,Normandie,France,50130,Cherbourg-en-Cotentin,"50129",02 33 01 89 90,emmanuel.hollande@cherbourg.fr,http://www.ville-cherbourg.fr/themes/solidarites/espaces-solidaires/maison-olympe-de-gouges/,O
EPN 50005-70,EPN,50005-70,EPN - Maison pour tous Léo-Lagrange,MPTLL,Maison pour tous Léo-Lagrange,[50005] Mairie de Cherbourg-Octeville,CRANT de la Manche,labellisé,0,,square,du Nivernais,,,Manche,Normandie,France,50130,Cherbourg-en-Cotentin,"50129",02 33 43 31 63,pbinet.mptll@gmail.com,,O
EPN 50061-71,EPN,50061-71,EPN - MEF de Cherbourg-Octeville,,MEF de Cherbourg-Octeville,[50061] MEF de Cherbourg-Octeville,CRANT de la Manche,labellisé,1,,rue,d'Anjou,BP 81,,Manche,Normandie,France,50130,Cherbourg-en-Cotentin,"50129",02 33 01 64 64,mif@mef-cotentin.com,http://www.mef-cotentin.com,O
EPN 50031-74,EPN,50031-74,EPN - Passage du Numérique,,Centre Les Unelles,[50031] Centre d'Animation Les Unelles,CRANT de la Manche,labellisé,11,,rue,Saint-Maur,BP 524,,Manche,Normandie,France,50205,Coutances,"50147",02 33 76 78 50,lesunelles@wanadoo.fr,http://www.lesunelles.com,O
EPN 50032-75,EPN,50032-75,EPN - Musique Expérience,EPN Ducey,Pôle Culturel,[50032] Musique Expérience,CRANT de la Manche,labellisé,23,,rue,du Couvent,BP 16,,Manche,Normandie,France,50220,Ducey-Les Chéris,"50168",02 33 48 19 44,epn.cantonducey@musique-experience.net,http://epncantonducey.over-blog.com,O
EPN 50031-76,EPN,50031-76,EPN - La Souris Verte,,Maison des services de Gavray,[50031] Centre d'Animation Les Unelles,CRANT de la Manche,labellisé,38,,rue,de la Poterie,,Gavray,Manche,Normandie,France,50450,Gavray-sur-Sienne,"50197",02 61 67 03 88,jb.toumichan@gmail.com,https://www.centredanimationlesunelles.com/services/espace-public-num%C3%A9rique/,O
EPN 50031-77,EPN,50031-77,EPN - CyberLande,,,[50031] Centre d'Animation Les Unelles,CRANT de la Manche,labellisé,35,,rue,du Littoral,,,Manche,Normandie,France,50560,Gouville-sur-Mer,"50215",02 33 46 84 67,cyberlande@gmail.com,https://www.centredanimationlesunelles.com/services/espace-public-numérique/,O
EPN 50050-227,EPN,50050-227,L'Animathèque,,Centre Social,[50050] Mairie de Granville,CRANT de la Manche,labellisé,202,,rue,Paul Gibon,Résidence autonomie les Herbiers,,Manche,Normandie,France,50400,Granville,"50218",02 33 61 98 98,animatheque@ville-granville.fr,http://www.ville-granville.fr,O
EPN 50050-78,EPN,50050-78,EPN - Centre Social l'Agora,,Centre Social l'Agora,[50050] Mairie de Granville,CRANT de la Manche,labellisé,361,,rue,Saint Nicolas,"409",,Manche,Normandie,France,50400,Granville,"50218",02 33 50 96 06,cs.lagora@ville-granville.fr,https://www.ville-granville.fr/vivre-au-quotidien-demarches-services/solidarite/centre-social-lagora/,O
EPN 50050-79,EPN,50050-79,EPN - FJT du Roc,Foyer de Jeunes Travailleurs,Foyer de Jeunes Travailleurs,[50050] Mairie de Granville,CRANT de la Manche,labellisé,12,,place,d'Armes,,,Manche,Normandie,France,50400,Granville,"50218",02 33 90 52 80,fjt.granville@ville-granville.fr,http://www.ville-granville.fr,O
EPN 50031-21,EPN,50031-21,EPN - La souris de la plage,,,[50031] Centre d'Animation Les Unelles,CRANT de la Manche,labellisé,30,,avenue,de l'Aumesle,Jean-François SARASIN,,Manche,Normandie,France,50590,Hauteville-sur-Mer,"50231",02 33 76 51 87,souris.plage@gmail.com,https://www.centredanimationlesunelles.com/services/espace-public-num%C3%A9rique/,O
EPN 50022-85,EPN,50022-85,EPN - La Haye du Puits,EPN La Haye,Maison intercommunale,[50022] Communauté de Communes Côte Ouest Centre Manche,CRANT de la Manche,labellisé,20,,rue,des Aubépines,,La Haye-du-Puits,Manche,Normandie,France,50250,La Haye,"50236",02 33 07 60 75,epn@cocm.fr,http://epnlhp.jimdo.com/,O
EPN 50032-203,EPN,50032-203,EPN mobile d'Isigny Le Buat,EPN mobile,Musique Expérience,[50032] Musique Expérience,CRANT de la Manche,labellisé,2,,place,de la Mairie,,,Manche,Normandie,France,50540,Isigny-le-Buat,"50256",02 33 48 19 44,svenlaurent@musique-experience.net,http://www.musique-experience.net,O
EPN 50062-89,EPN,50062-89,EPN - Maison de Pays de Lessay,,Maison de Pays de Lessay,[50062] Maison de pays de Lessay,CRANT de la Manche,labellisé,11,,place,Saint-Cloud,BP 45,,Manche,Normandie,France,50430,Lessay,"50267",02 33 46 84 69,direction.mdp@canton-lessay.com,,O
EPN 50077-142,EPN,50077-142,EPN - Mortain-Bocage,,Forum du Mortainais,[50077] Communauté agglo Mont Saint-Michel  Normandie,CRANT de la Manche,labellisé,24,,rue,du Rocher,Le Forum,,Manche,Normandie,France,50140,Mortain-Bocage,"50359",02 33 19 08 98,epn.mortain@msm-normandie.fr,http://www.msm-normandie.fr/fr/culture/espaces-publics-numerique/494-espace-public-numerique-de-mortain,O
EPN 50065-91,EPN,50065-91,EPN - Moyon,,Association Familles Rurales Moyon-Tessy,[50065] Association Familles Rurales Moyon-Tessy,CRANT de la Manche,antenne,102,,rue,de la Mairie,,,Manche,Normandie,France,50860,Moyon Villages,"50363",02 33 57 16 81,epnmoyon@gmail.com,http://famillesruralesmoyon.jimdo.com/espace_public_numyrique.php,O
EPN 50022-212,EPN,50022-212,EPN - Périers,EPN Périers,,[50022] Communauté de Communes Côte Ouest Centre Manche,CRANT de la Manche,labellisé,3,,rue,de Saint-Lô,,,Manche,Normandie,France,50190,Périers,"50394",02 33 47 82 57,epn@cocm.fr,http://www.cocm.fr/,O
EPN 50052-88,EPN,50052-88,EPN - Centre multimédia,,,[50052] Mairie de Les Pieux,CRANT de la Manche,labellisé,19,,rue,des Écoles,,,Manche,Normandie,France,50340,Les Pieux,"50402",02 33 41 28 84,centremultimedia@lespieux.fr,http://centremultimedia.lespieux.fr,O
EPN 50021-93,EPN,50021-93,EPN - Portbail,(antenne de Portbail),,[50021] Commauté de communes Côte des Isles,CRANT de la Manche,labellisé,26,,rue,Robert Asselin,Ancienne gare,Portbail,Manche,Normandie,France,50580,Port-Bail-sur-Mer,"50412",02 33 08 04 49,xavier.evenard@lecotentin.fr,,O
EPN 50031-4,EPN,50031-4,EPN - Louis Beuve,,,[50031] Centre d'Animation Les Unelles,CRANT de la Manche,labellisé,0,,place,Louis Beuve,,,Manche,Normandie,France,50660,Quettreville-sur-Sienne,"50419",02 33 45 97 53,centremultimediabeuve@gmail.com,http://ateliercreatif.jimdo.com,O
EPN 50025-94,EPN,50025-94,EPN - Saint Georges Montcoq,,Mairie,[50025] Saint-Lô Agglo,CRANT de la Manche,labellisé,47,,avenue,du Cotentin,,,Manche,Normandie,France,50000,Saint-Georges-Montcocq,"50475",02 33 57 00 27,espacemultimedia@saint-lo-agglo.fr,http://www.saint-lo-agglo.fr/espace-public-numerique,O
EPN 50081-146,EPN,50081-146,EPN - Médiathèque Marin-Marie,,Médiathèque Marin-Marie,[50081] ComCom de Saint-Hilaire-du-Harcouët,CRANT de la Manche,labellisé,69,,boulevard,Gambetta,Médiathèque Marin-Marie,,Manche,Normandie,France,50600,Saint-Hilaire-du-Harcouët,"50484",02 33 50 75 20,david.sevestre@mediatheque-marin-marie.fr,https://www.mediatheque-marin-marie.fr/espace-public-num%C3%A9rique-epn,O
EPN 14018-99,EPN,14018-99,EPN - La Dollée,,Centre Nelson Mandela,[14018] Centre Social Marcel Mersier,CRANT de la Manche,antenne,99,,rue,John Kennedy,,,Manche,Normandie,France,50008,Saint-Lô,"50502",02 50 80 90 00,contact@centremandela.fr,https://maisondequartierdeladollee.jimdo.com/espace-multim%C3%A9dia-epn/,
EPN 14018-100,EPN,14018-100,EPN - Marcel Mersier,,Centre Social Marcel Mersier,[14018] Centre Social Marcel Mersier,CRANT de la Manche,labellisé,45,,avenue,des Tilleuls,,,Manche,Normandie,France,50000,Saint-Lô,"50502",02 33 57 33 35,centre.mersier@netcourrier.com,http://centresocialmersier.fr/,O
EPN 50025-98,EPN,50025-98,EPN - Kiosk,,Kiosk,[50025] Saint-Lô Agglo,CRANT de la Manche,labellisé,0,,place,du Champ de Mars,Centre culturel Jean Lurçat,,Manche,Normandie,France,50000,Saint-Lô,"50502",02 33 72 52 57,espacemultimedia@saint-lo-agglo.fr,http://www.saint-lo-agglo.fr/espace-public-numerique,O
EPN 50025-211,EPN,50025-211,EPN - mobile,,,[50025] Saint-Lô Agglo,CRANT de la Manche,labellisé,101,,rue,Alexis de Tocqueville,,,Manche,Normandie,France,50008,Saint-Lô,"50502",02 14 29 00 54,espacemultimedia@saint-lo-agglo.fr,http://www.saint-lo-agglo.fr/espace-public-numerique,O
EPN 50032-202,EPN,50032-202,EPN Mobile de Sartilly,EPN mobile,Musique Expérience,[50032] Musique Expérience,CRANT de la Manche,labellisé,9,,,La Giberdière,salle culturelle,,Manche,Normandie,France,50530,Sartilly-Baie-Bocage,"50565",02 33 48 19 44,contact@musique-experience.net,http://www.musique-experience.net,O
EPN 50077-104,EPN,50077-104,EPN - Sourdeval,,Centre d'Animation et de Services,[50077] Communauté agglo Mont Saint-Michel  Normandie,CRANT de la Manche,labellisé,13,C,route,de Tinchebray,,,Manche,Normandie,France,50150,Sourdeval,"50582",02 33 79 30 60,epn.sourdeval@msm-normandie.fr,http://www.msm-normandie.fr/fr/culture/espaces-publics-numerique/495-espace-public-numerique-de-sourdeval,O
EPN 50077-87,EPN,50077-87,EPN - Le Teilleul,,,[50077] Communauté agglo Mont Saint-Michel  Normandie,CRANT de la Manche,labellisé,32,,rue,Beauregard,,,Manche,Normandie,France,50640,Le Teilleul,"50591",02 33 91 82 49,arnaud.geffroy@msm-normandie.fr,https://www.sites.google.com/site/epncdcdelaselune/,O
EPN 50061-154,EPN,50061-154,EPN - Espace Emploi Formation MEF du Cotentin,,Maison des Services Publics de CC Coeur Cotentin,[50061] MEF de Cherbourg-Octeville,CRANT de la Manche,labellisé,22,,rue,de Poterie,,,Manche,Normandie,France,50700,Valognes,"50615",02 33 40 08 60,eefvalognes@mef-cotentin.com,http://www.mef-cotentin.com/,O
EPN 61014-107,EPN,61014-107,EPN Mobile de l'Orne,,BIJ de l'Orne,[61014] BIJ de l'Orne,CRANT du BIJ de l'Orne,labellisé,4,,place,Poulet Malassis,Association Bureau Information Jeunesse de l'Orne,,Orne,Normandie,France,61000,Alençon,"61001",02 33 80 48 90,ludovic.dupont@bij-orne.com,http://bij61numerique.blogspot.fr/,O
EPN 61014-108,EPN,61014-108,EPN d'Alençon,,BIJ de l'Orne,[61014] BIJ de l'Orne,CRANT du BIJ de l'Orne,labellisé,4,,place,Poulet Malassis,Association Bureau Information Jeunesse de l'Orne,,Orne,Normandie,France,61000,Alençon,"61001",02 33 80 48 90,francois.potier@bij-orne.com,http://bij61numerique.blogspot.fr/,O
EPN 61113-220,EPN,61113-220,Centre social Croix Mercier,,,[61113] CENTRE SOCIAL CROIX MERCIER,CRANT du BIJ de l'Orne,labellisé,17,,rue,Augustin Fresnel,,,Orne,Normandie,France,61000,Alençon,"61001",02 33 31 83 39,cscm.secretariat@gmail.com,http://www.centresocialcroixmercier.com,O
EPN 61114-221,EPN,61114-221,Centre social Edith Bonnem,,,[61114] Centre Social Edith Bonnem,CRANT du BIJ de l'Orne,labellisé,0,,place,Edith Bonnem,,,Orne,Normandie,France,61000,Alençon,"61001",02 33 26 58 51,centre.edith.bonnem@orange.fr,http://www.centre-social-edith-bonnem.org,O
EPN 61115-222,EPN,61115-222,Médiathèque d'Alençon,,,[61115] Réseau des médiathèques de la CUA,CRANT du BIJ de l'Orne,labellisé,0,,place,Foch,CS 50362,,Orne,Normandie,France,61000,Alençon,"61001",02 33 82 46 00,aurelien.lebrun@ville-alencon.fr,http://mediatheques.communaute-urbaine-alencon.fr/,O
EPN 61115-223,EPN,61115-223,Médiathèque de Perseigne,,,[61115] Réseau des médiathèques de la CUA,CRANT du BIJ de l'Orne,antenne,34,,place,de la Paix,,,Orne,Normandie,France,61000,Alençon,"61001",02 33 26 69 82,sabine.michel@ville-alencon.fr,http://mediatheques.communaute-urbaine-alencon.fr/,O
EPN 61115-224,EPN,61115-224,Médiathèque de Courteille,,,[61115] Réseau des médiathèques de la CUA,CRANT du BIJ de l'Orne,antenne,57,,rue,Pierre et Marie Curie,,,Orne,Normandie,France,61000,Alençon,"61001",02 33 29 56 55,sabine.michel@ville-alencon.fr,,O
EPN 61036-170,EPN,61036-170,EPN Mobile - CRANT Argentan,,Médiathèque Argentan,[61036] Argentan Intercom,CRANT d'Argentan,antenne,1,,rue,des Rédemptoristes,,,Orne,Normandie,France,61200,Argentan,"61006",,multimedia.mediatheque@argentan-intercom.fr,http://www.mediatheques-argentan-intercom.fr,
EPN 61036-110,EPN,61036-110,EPN Argentan - Médiathèque F. Mitterrand,,Médiathèque François Mitterrand,[61036] Argentan Intercom,CRANT d'Argentan,labellisé,1,,rue,des Rédemptoristes,,,Orne,Normandie,France,61200,Argentan,"61006",02 33 67 02 50,multimedia.mediatheque@argentan-intercom.fr,http://www.mediatheques-argentan-intercom.fr,O
EPN 61035-226,EPN,61035-226,EPN du Pays Bellemois,EPNPB,Télécentre,[61035] ComCom des collines du Perche Normand,CRANT du BIJ de l'Orne,labellisé,0,,rue,du Collège,Pépinière d'entreprises - Télécentre,,Orne,Normandie,France,61130,Bellême,"61038",02 33 12 34 56,epnznmperche@gmail.com,https://www.cdcpaysbellemois.fr/vie-quotidienne/espace-public-numerique/,O
EPN 61003-3,EPN,61003-3,EPN - Médiathèque de Bretoncelles,,Centre culturel de Bretoncelles - Espace Abbé Fret,[61003] Mairie de Bretoncelles,CRANT du BIJ de l'Orne,labellisé,22,,place,général de Gaulle,,,Orne,Normandie,France,61110,Bretoncelles,"61061",02 37 37 25 27,epn@bretoncelles.fr,http://www.bretoncelles.fr,O
EPN 61037-172,EPN,61037-172,EPN - Courtomer,,Office de tourisme,[61037] ComCom Vallée de la Haute Sarthe,CRANT du BIJ de l'Orne,labellisé,17,,place,Albert Roger,,,Orne,Normandie,France,61390,Courtomer,"61133",02 33 31 87 70,cyber@cdcvalleedelahautesarthe.fr,http://www.cdcvalleedelahautesarthe.fr,O
EPN 61116-225,EPN,61116-225,Syntax Informatique,SYNTAX,,[61116] Syntax Informatique,CRANT du BIJ de l'Orne,labellisé,5,,rue,de Godras,,,Orne,Normandie,France,61700,Domfront en Poiraie,"61145",02 33 38 39 28,syntax.info@gmail.com,https://syntaxinfo.wordpress.com/,O
EPN 61036-196,EPN,61036-196,EPN Ecouché,,Médiathèque intercommunale des Courbes de l'Orne,[61036] Argentan Intercom,CRANT d'Argentan,antenne,0,,,,,,Orne,Normandie,France,61150,Écouché-les-Vallées,"61153",02 33 35 53 77,animations-mediatheque@argentan-intercom.fr,https://www.mediatheque-courbes-de-lorne.fr/,
EPN 61019-116,EPN,61019-116,EPN - Médiathèque de Flers,,Médiathèque de Flers,[61019] Communauté Agglomération Flers-Agglo,CRANT d'Argentan,labellisé,9,,rue,du Collège,,,Orne,Normandie,France,61100,Flers,"61169",02 33 98 42 23,ftabouret@flers-agglo.fr,http://www.flers-agglo.fr,O
EPN 61111-118,EPN,61111-118,EPN - Oxy-Jeunes,,,[61111] Oxy-Jeunes,CRANT d'Argentan,labellisé,2,,rue,Pierre Lemière,"163",,Orne,Normandie,France,61100,Flers,"61169",02 33 65 48 61,oxy.jeunes@wanadoo.fr,http://www.oxy-jeunes.net,O
EPN 61076-140,EPN,61076-140,EPN - MJC de L'Aigle / Université inter-âge,MJC / UIA,MJC Le Rond-Point de L'Aigle,[61076] MJC Le Rond-Point de L'Aigle,CRANT de L'Aigle,labellisé,12,,rue,des Tanneurs,,,Orne,Normandie,France,61300,L'Aigle,"61214",02 33 24 37 30,hugo.dupont.mjc@gmail.com,http://mjclaigle.com,O
EPN 61004-5,EPN,61004-5,EPN - Mortagne au Perche,,EPN - Télécentre,[61004] ComCom du Pays de Mortagne-au-Perche,CRANT du BIJ de l'Orne,labellisé,23,,rue,Ferdinand de Boyères,,,Orne,Normandie,France,61400,Mortagne-au-Perche,"61293",02 33 85 35 78,epnmortagne@gmail.com,http://epnmortagne.jimdo.com,O
EPN 61036-195,EPN,61036-195,EPN Ranes,,Médiathèque intercommunale,[61036] Argentan Intercom,CRANT d'Argentan,antenne,0,,,Le Château,,,Orne,Normandie,France,61150,Rânes,"61344",02 33 35 66 18,,,
EPN 61112-219,EPN,61112-219,Centre social ALCD,ALCD,,[61112] Centre social ALCD,CRANT du BIJ de l'Orne,labellisé,51,,rue,Principale,Le Moulin du Pont,,Orne,Normandie,France,61420,Saint-Denis-sur-Sarthon,"61382",02 33 27 40 02,laetitiaguilloux.alcd@hotmail.fr,,O
EPN 61110-122,EPN,61110-122,EPN du club de l'Albatros,,Club de l'Albatros,[61110] Club de l'Albatros,CRANT d'Argentan,labellisé,30,,avenue,Charles de Gaulle,,,Orne,Normandie,France,61100,Saint-Georges-des-Groseillers,"61391",02 33 64 24 36,epn.albatros61@gmail.com,https://www.clubalbatros.fr/blog/espace-public-numerique/,O
EPN 61036-169,EPN,61036-169,EPN TRUN - Médiathèque S. Hessel,,Médiathèque Stéphane Hessel,[61036] Argentan Intercom,CRANT d'Argentan,antenne,19,,rue,Vital Lenormand,,,Orne,Normandie,France,61160,Trun,"61494",02 33 12 71 60,mediatheque.trun@orange.fr,,
EPN 76090-178,EPN,76090-178,EPN Rives-en-Seine,,Maison de services au public,[76090] ComCom Caux vallée de Seine,CRANT de Lillebonne,labellisé,5,,rue,de la Sainte Gertrude,,Caudebec-en-Caux,Seine-Maritime,Normandie,France,76490,Rives-en-Seine,"76164",02 32 70 43 80,epn@cauxseine.fr,http://www.mdc-cauxseine.fr/initiation-a-linformatique/,O
EPN 76107-213,EPN,76107-213,La Boite à tic's,,,[76107] Maison Jacques Prévert,CRANT de Lillebonne,labellisé,0,,rue,Montigny,,,Seine-Maritime,Normandie,France,76200,Dieppe,"76217",02 35 82 71 20,boiteatics@maisonjacquesprevert-centresocial.fr,,O
EPN 76090-174,EPN,76090-174,EPN - Maison des Compétences,,Maison des Compétences,[76090] ComCom Caux vallée de Seine,CRANT de Lillebonne,labellisé,0,,parc,d’activité du Manoir,,,Seine-Maritime,Normandie,France,76170,Lillebonne,"76384",02 32 65 11 11,epn@cauxseine.fr,http://www.mdc-cauxseine.fr/initiation-a-linformatique/,O
EPN 76097-192,EPN,76097-192,Cyber espace séniors - ADEP,,ADEP,[76097] Agence pour le dvp des emplois de proximité,CRANT de Lillebonne,labellisé,65,,rue,Orbe,,,Seine-Maritime,Normandie,France,76000,Rouen,"76540",02 35 07 19 70,direction@adep.eu,http://adep.eu,O
EPN 76108-214,EPN,76108-214,Espace Public du Littoral,EPL,,[76108] Communauté de Communes de la Côte d'Albâtre,CRANT de Lillebonne,labellisé,0,,place,de la Gare,,,Seine-Maritime,Normandie,France,76460,Saint-Valery-en-Caux,"76655",02 35 57 92 00,espace.public@cote-albatre.com,http://cote-albatre.fr,O
EPN 76100-201,EPN,76100-201,EPN - Yvetot,MDQ,Maison de Quartier,[76100] Mairie d'Yvetot,CRANT de Lillebonne,labellisé,0,,rue,Pierre Varin,,,Seine-Maritime,Normandie,France,76190,Yvetot,"76758",02 35 16 15 78,maisondequartier@yvetot.fr,https://www.facebook.com/mdqyvetot/,O
